SMILES_CS,SMILES_rad,BDE_kJ,BDE_kcal
FC1(C(F)(F)F)C(C(F)(C(F)(F)F)C(C(F)(C(F)(F)F)C(F)1F)(F)F)(F)F,FC1(C(F)(F)F)C([C](C(F)(F)F)C(C(F)(C(F)(F)F)C(F)1F)(F)F)(F)F,386.5083277,92.3763
FC1(C(F)(F)F)C(C(F)(C(F)(F)F)C(C(F)(C(F)(F)F)C(F)1F)(F)F)(F)F,FC1(C(F)(F)F)C(C(F)(C(F)(F)F)[C](C(F)(C(F)(F)F)C(F)1F)F)(F)F,421.5042553,100.7404
FC1(C(F)(F)F)C(C(F)(C(F)(F)F)C(C(F)(C(F)(F)F)C(F)1F)(F)F)(F)F,FC1(C(F)(F)F)C(C(F)([C](F)F)C(C(F)(C(F)(F)F)C(F)1F)(F)F)(F)F,475.3958331,113.6206
FC(C(N)=O)(OC)C(F)(F)F,NC([C](OC)C(F)(F)F)=O,435.1593657,104.004
FC(C(N)=O)(OC)C(F)(F)F,FC(C(N)=O)(OC)[C](F)F,507.5876012,121.3145
FC(C(N)=O)C(F)(F)F,NC([CH]C(F)(F)F)=O,435.4639656,104.0768
FC(C(N)=O)C(F)(F)F,FC(C(N)=O)[C](F)F,502.1395318,120.0124
CC(C([O-])=O)(F)F,C[C](C([O-])=O)F,456.2821931,109.0524
[O-]C(C(CC)(F)F)=O,[O-]C([C](CC)F)=O,462.496783,110.5377
[O-]C(C(F)C(F)(F)F)=O,[O-]C([CH]C(F)(F)F)=O,440.1455145,105.1957
[O-]C(C(F)C(F)(F)F)=O,[O-]C(C(F)[C](F)F)=O,501.0395414,119.7495
CC(F)C([O-])=O,C[CH]C([O-])=O,449.8835045,107.5231
CC(F)(C)C([O-])=O,C[C](C)C([O-])=O,449.6630043,107.4704
[O-]C(/C=C/C(F)(F)F)=O,[O-]C(/C=C/[C](F)F)=O,446.4701453,106.7073
OCC(F)C(F)(C(F)(C(F)(C(F)(C(F)(C(CO)(F)F)F)F)F)F)F,OCC(F)C(F)(C(F)(C(F)(C(F)(C(F)([C](CO)F)F)F)F)F)F,461.1444936,110.2145
OCC(F)C(F)(C(F)(C(F)(C(F)(C(F)(C(CO)(F)F)F)F)F)F)F,OCC(F)C(F)(C(F)(C(F)(C(F)([C](C(CO)(F)F)F)F)F)F)F,450.0646744,107.5664
OCC(F)C(F)(C(F)(C(F)(C(F)(C(F)(C(CO)(F)F)F)F)F)F)F,OCC(F)C(F)(C(F)(C(F)([C](C(F)(C(CO)(F)F)F)F)F)F)F,441.9492644,105.6268
OCC(F)C(F)(C(F)(C(F)(C(F)(C(F)(C(CO)(F)F)F)F)F)F)F,OCC(F)C(F)(C(F)([C](C(F)(C(F)(C(CO)(F)F)F)F)F)F)F,444.9605351,106.3465
OCC(F)C(F)(C(F)(C(F)(C(F)(C(F)(C(CO)(F)F)F)F)F)F)F,OCC(F)C(F)([C](C(F)(C(F)(C(F)(C(CO)(F)F)F)F)F)F)F,454.1633833,108.546
OCC(F)C(F)(C(F)(C(F)(C(F)(C(F)(C(CO)(F)F)F)F)F)F)F,OCC(F)[C](C(F)(C(F)(C(F)(C(F)(C(CO)(F)F)F)F)F)F)F,445.0132543,106.3591
OCC(F)C(F)(C(F)(C(F)(C(F)(C(F)(C(CO)(F)F)F)F)F)F)F,OC[CH]C(F)(C(F)(C(F)(C(F)(C(F)(C(CO)(F)F)F)F)F)F)F,442.9521845,105.8665
O=C(N(CC)CC)C(F)(F)F,O=C(N(CC)CC)[C](F)F,481.581553,115.099
O=C(N(C)C)C(F)(F)F,O=C(N(C)C)[C](F)F,481.4187929,115.0601
O=C(NC)C(F)(F)F,O=C(NC)[C](F)F,482.3982822,115.2942
NC(C(F)(F)F)=O,NC([C](F)F)=O,479.9564626,114.7106
O=S(N)(C(F)(F)F)=O,O=S(N)([C](F)F)=O,495.906532,118.5227
OCC(F)(F)F,OC[C](F)F,516.2912906,123.3947
OC(C(F)(F)F)C(F)(F)F,OC(C(F)(F)F)[C](F)F,505.8077005,120.8891
[O-]C(C(F)(F)F)=O,[O-]C([C](F)F)=O,488.7337916,116.8084
NC(C(C(F)(F)F)(F)F)=O,NC([C](C(F)(F)F)F)=O,446.6462943,106.7494
NC(C(C(F)(F)F)(F)F)=O,NC(C([C](F)F)(F)F)=O,501.4202912,119.8405
[O-]C(CC(F)(F)F)=O,[O-]C(C[C](F)F)=O,508.5407309,121.5423
OCCC(F)(F)F,OCC[C](F)F,512.5971807,122.5118
OCC(C(F)(F)F)(F)F,OC[C](C(F)(F)F)F,474.6711533,113.4474
OCC(C(F)(F)F)(F)F,OCC([C](F)F)(F)F,500.3805514,119.592
[O-]C(C(C(F)(F)F)C(F)(F)F)=O,[O-]C(C(C(F)(F)F)[C](F)F)=O,501.9140108,119.9585
[O-]C(C(C([O-])=O)(F)F)=O,C(F)(C(=O)[O-])C(=O)[O-],448.8387437,107.2734
[O-]C(C(C(F)(F)F)(F)F)=O,[O-]C([C](C(F)(F)F)F)=O,447.1161647,106.8617
[O-]C(C(C(F)(F)F)(F)F)=O,[O-]C(C([C](F)F)(F)F)=O,498.8211508,119.2193
NC(C(C(C(F)(F)F)(F)F)(F)F)=O,NC([C](C(C(F)(F)F)(F)F)F)=O,439.1898743,104.9673
NC(C(C(C(F)(F)F)(F)F)(F)F)=O,NC(C([C](C(F)(F)F)F)(F)F)=O,459.8788143,109.912
NC(C(C(C(F)(F)F)(F)F)(F)F)=O,NC(C(C([C](F)F)(F)F)(F)F)=O,493.176012,117.8701
[O-]C(CCC(F)(F)F)=O,[O-]C(CC[C](F)F)=O,513.30889,122.6819
OCCCC(F)(F)F,OCCC[C](F)F,514.2302208,122.9021
OCCC(C(F)(F)F)(F)F,OCC[C](C(F)(F)F)F,472.5418833,112.9385
OCCC(C(F)(F)F)(F)F,OCCC([C](F)F)(F)F,504.5658704,120.5923
OCC(C(C(F)(F)F)(F)F)(F)F,OC[C](C(C(F)(F)F)(F)F)F,458.3323844,109.5424
OCC(C(C(F)(F)F)(F)F)(F)F,OCC([C](C(F)(F)F)F)(F)F,456.1612737,109.0235
OCC(C(C(F)(F)F)(F)F)(F)F,OCC(C([C](F)F)(F)F)(F)F,495.4132309,118.4048
O=C(CC(C(F)(F)F)C(F)(F)F)[O-],O=C(CC(C(F)(F)F)[C](F)F)[O-],502.478441,120.0934
[O-]C(CC(C([O-])=O)(F)F)=O,[O-]C(C[C](C([O-])=O)F)=O,449.9332948,107.535
[O-]C(C(F)(C(C([O-])=O)(F)F)F)=O,[C](F)(C(=O)[O-])C(F)(F)C(=O)[O-],446.2655445,106.6584
OCC(F)(C(CO)(F)F)F,OC[C](C(CO)(F)F)F,471.7962831,112.7603
OCC(F)(C(CO)(F)F)F,OCC(F)([C](CO)F)F,468.3594931,111.9389
OCC(C(F)C(F)(F)F)(F)F,OC[C](C(F)C(F)(F)F)F,464.5394429,111.0259
OCC(C(F)C(F)(F)F)(F)F,OCC([CH]C(F)(F)F)(F)F,436.4593543,104.3147
OCC(C(F)C(F)(F)F)(F)F,OCC(C(F)[C](F)F)(F)F,498.0282708,119.0298
[O-]C(C(C(C(F)(F)F)(F)F)(F)F)=O,[O-]C([C](C(C(F)(F)F)(F)F)F)=O,446.7906445,106.7839
[O-]C(C(C(C(F)(F)F)(F)F)(F)F)=O,[O-]C(C([C](C(F)(F)F)F)(F)F)=O,462.4863229,110.5352
[O-]C(C(C(C(F)(F)F)(F)F)(F)F)=O,[O-]C(C(C([C](F)F)(F)F)(F)F)=O,498.726591,119.1967
NC(C(C(C(C(F)(F)F)(F)F)(F)F)(F)F)=O,NC([C](C(C(C(F)(F)F)(F)F)(F)F)F)=O,438.0869551,104.7037
NC(C(C(C(C(F)(F)F)(F)F)(F)F)(F)F)=O,NC(C([C](C(C(F)(F)F)(F)F)F)(F)F)=O,451.5378833,107.9185
NC(C(C(C(C(F)(F)F)(F)F)(F)F)(F)F)=O,NC(C(C([C](C(F)(F)F)F)(F)F)(F)F)=O,452.6667437,108.1883
NC(C(C(C(C(F)(F)F)(F)F)(F)F)(F)F)=O,NC(C(C(C([C](F)F)(F)F)(F)F)(F)F)=O,496.836231,118.7449
[O-]C(CCCC(F)(F)F)=O,[O-]C(CCC[C](F)F)=O,514.8657801,123.054
[O-]C(CCC(C(F)(F)F)(F)F)=O,[C](F)(CCC(=O)[O-])C(F)(F)F,474.2381027,113.3439
[O-]C(CCC(C(F)(F)F)(F)F)=O,[C](F)(F)C(F)(F)CCC(=O)[O-],504.5445316,120.5872
OCCCC(C(F)(F)F)(F)F,OCCC[C](C(F)(F)F)F,475.0468822,113.5372
OCCCC(C(F)(F)F)(F)F,OCCCC([C](F)F)(F)F,504.6470412,120.6117
OCCC(C(C(F)(F)F)(F)F)(F)F,OCC[C](C(C(F)(F)F)(F)F)F,462.5411341,110.5483
OCCC(C(C(F)(F)F)(F)F)(F)F,OCCC([C](C(F)(F)F)F)(F)F,462.4231435,110.5201
OCCC(C(C(F)(F)F)(F)F)(F)F,OCCC(C([C](F)F)(F)F)(F)F,494.3521524,118.1512
OCC(C(C(C(F)(F)F)(F)F)(F)F)(F)F,OC[C](C(C(C(F)(F)F)(F)F)(F)F)F,460.1545441,109.9779
OCC(C(C(C(F)(F)F)(F)F)(F)F)(F)F,OCC([C](C(C(F)(F)F)(F)F)F)(F)F,451.1805642,107.8331
OCC(C(C(C(F)(F)F)(F)F)(F)F)(F)F,OCC(C([C](C(F)(F)F)F)(F)F)(F)F,452.2650735,108.0923
OCC(C(C(C(F)(F)F)(F)F)(F)F)(F)F,OCC(C(C([C](F)F)(F)F)(F)F)(F)F,496.1981613,118.5924
FC(/C(F)=C(F)/C([O-])=O)(C(F)(F)F)C(F)(F)F,FC(/C(F)=[C]/C([O-])=O)(C(F)(F)F)C(F)(F)F,464.0009539,110.8972
FC(/C(F)=C(F)/C([O-])=O)(C(F)(F)F)C(F)(F)F,FC(/[C]=C(F)/C([O-])=O)(C(F)(F)F)C(F)(F)F,460.9712734,110.1731
FC(/C(F)=C(F)/C([O-])=O)(C(F)(F)F)C(F)(F)F,F/C([C](C(F)(F)F)C(F)(F)F)=C(F)\C([O-])=O,346.1906895,82.7403
FC(/C(F)=C(F)/C([O-])=O)(C(F)(F)F)C(F)(F)F,FC(/C(F)=C(F)/C([O-])=O)(C(F)(F)F)[C](F)F,475.9343222,113.7493
[O-]C(CCC(F)(C(F)(F)F)C(F)(F)F)=O,[O-]C(CC[C](C(F)(F)F)C(F)(F)F)=O,423.8172057,101.2932
[O-]C(CCC(F)(C(F)(F)F)C(F)(F)F)=O,[O-]C(CCC(F)(C(F)(F)F)[C](F)F)=O,498.952112,119.2506
[O-]C(C(C(F)(C(C([O-])=O)(F)F)F)(F)F)=O,[C](F)(C(=O)[O-])C(F)(F)C(F)(F)C(=O)[O-],457.7495443,109.4031
[O-]C(C(C(F)(C(C([O-])=O)(F)F)F)(F)F)=O,[C](F)(C(F)(F)C(=O)[O-])C(F)(F)C(=O)[O-],464.4264732,110.9989
OCC(F)(C(F)(C(CO)(F)F)F)F,OC[C](C(F)(C(CO)(F)F)F)F,465.9360834,111.3597
OCC(F)(C(F)(C(CO)(F)F)F)F,OCC(F)([C](C(CO)(F)F)F)F,474.319692,113.3634
OCC(F)(C(F)(C(CO)(F)F)F)F,OCC(F)(C(F)([C](CO)F)F)F,469.7879325,112.2803
[O-]C(C(C(C(C(F)(F)F)(F)F)(F)F)(F)F)=O,[O-]C([C](C(C(C(F)(F)F)(F)F)(F)F)F)=O,447.3107237,106.9082
[O-]C(C(C(C(C(F)(F)F)(F)F)(F)F)(F)F)=O,[O-]C(C([C](C(C(F)(F)F)(F)F)F)(F)F)=O,456.195583,109.0317
[O-]C(C(C(C(C(F)(F)F)(F)F)(F)F)(F)F)=O,[O-]C(C(C([C](C(F)(F)F)F)(F)F)(F)F)=O,454.5148446,108.63
[O-]C(C(C(C(C(F)(F)F)(F)F)(F)F)(F)F)=O,[O-]C(C(C(C([C](F)F)(F)F)(F)F)(F)F)=O,494.0111512,118.0697
NC(C(C(C(C(C(F)(F)F)(F)F)(F)F)(F)F)(F)F)=O,NC([C](C(C(C(C(F)(F)F)(F)F)(F)F)(F)F)F)=O,434.4505853,103.8346
NC(C(C(C(C(C(F)(F)F)(F)F)(F)F)(F)F)(F)F)=O,NC(C([C](C(C(C(F)(F)F)(F)F)(F)F)F)(F)F)=O,450.8207347,107.7471
NC(C(C(C(C(C(F)(F)F)(F)F)(F)F)(F)F)(F)F)=O,NC(C(C([C](C(C(F)(F)F)(F)F)F)(F)F)(F)F)=O,446.7960838,106.7852
NC(C(C(C(C(C(F)(F)F)(F)F)(F)F)(F)F)(F)F)=O,NC(C(C(C([C](C(F)(F)F)F)(F)F)(F)F)(F)F)=O,453.4307537,108.3709
NC(C(C(C(C(C(F)(F)F)(F)F)(F)F)(F)F)(F)F)=O,NC(C(C(C(C([C](F)F)(F)F)(F)F)(F)F)(F)F)=O,492.488152,117.7057
O=C([O-])C(OC(F)(C(C(F)(F)F)(F)F)F)(C(F)(F)F)F,[C](OC(F)(F)C(F)(F)C(F)(F)F)(C(=O)[O-])C(F)(F)F,432.5522756,103.3809
O=C([O-])C(OC(F)(C(C(F)(F)F)(F)F)F)(C(F)(F)F)F,[C](F)(F)C(F)(OC(F)(F)C(F)(F)C(F)(F)F)C(=O)[O-],498.2801514,119.09
O=C([O-])C(OC(F)(C(C(F)(F)F)(F)F)F)(C(F)(F)F)F,[C](F)(OC(F)(C(=O)[O-])C(F)(F)F)C(F)(F)C(F)(F)F,470.3075932,112.4045
O=C([O-])C(OC(F)(C(C(F)(F)F)(F)F)F)(C(F)(F)F)F,[C](F)(C(F)(F)F)C(F)(F)OC(F)(C(=O)[O-])C(F)(F)F,464.163714,110.9361
O=C([O-])C(OC(F)(C(C(F)(F)F)(F)F)F)(C(F)(F)F)F,[C](F)(F)C(F)(F)C(F)(F)OC(F)(C(=O)[O-])C(F)(F)F,494.5517322,118.1989
OCC(OC(C(C(F)(F)F)(F)F)(F)F)(C(F)(F)F)F,[C](CO)(OC(F)(F)C(F)(F)C(F)(F)F)C(F)(F)F,449.2245144,107.3656
OCC(OC(C(C(F)(F)F)(F)F)(F)F)(C(F)(F)F)F,[C](F)(F)C(F)(CO)OC(F)(F)C(F)(F)C(F)(F)F,494.9588416,118.2962
OCC(OC(C(C(F)(F)F)(F)F)(F)F)(C(F)(F)F)F,[C](F)(OC(F)(CO)C(F)(F)F)C(F)(F)C(F)(F)F,466.6448638,111.5291
OCC(OC(C(C(F)(F)F)(F)F)(F)F)(C(F)(F)F)F,[C](F)(C(F)(F)F)C(F)(F)OC(F)(CO)C(F)(F)F,465.3821134,111.2273
OCC(OC(C(C(F)(F)F)(F)F)(F)F)(C(F)(F)F)F,[C](F)(F)C(F)(F)C(F)(F)OC(F)(CO)C(F)(F)F,494.4467122,118.1738
[O-]C(CCC(C(C(F)(F)F)(F)F)(F)F)=O,[C](F)(CCC(=O)[O-])C(F)(F)C(F)(F)F,469.3494426,112.1755
[O-]C(CCC(C(C(F)(F)F)(F)F)(F)F)=O,[C](F)(C(F)(F)F)C(F)(F)CCC(=O)[O-],464.4001136,110.9926
[O-]C(CCC(C(C(F)(F)F)(F)F)(F)F)=O,[C](F)(F)C(F)(F)C(F)(F)CCC(=O)[O-],497.1433413,118.8183
OCCCC(C(C(F)(F)F)(F)F)(F)F,OCCC[C](C(C(F)(F)F)(F)F)F,469.1498628,112.1278
OCCCC(C(C(F)(F)F)(F)F)(F)F,OCCCC([C](C(F)(F)F)F)(F)F,463.5863132,110.7981
OCCCC(C(C(F)(F)F)(F)F)(F)F,OCCCC(C([C](F)F)(F)F)(F)F,496.655061,118.7016
FC(C(C([O-])=O)(F)F)(C(F)(F)F)C(C(C(F)(F)F)(C(F)(F)F)C(F)(F)F)(F)F,FC([C](C([O-])=O)F)(C(F)(F)F)C(C(C(F)(F)F)(C(F)(F)F)C(F)(F)F)(F)F,426.7970959,102.0054
FC(C(C([O-])=O)(F)F)(C(F)(F)F)C(C(C(F)(F)F)(C(F)(F)F)C(F)(F)F)(F)F,[O-]C(C([C](C(F)(F)F)C(C(C(F)(F)F)(C(F)(F)F)C(F)(F)F)(F)F)(F)F)=O,395.9705879,94.6378
FC(C(C([O-])=O)(F)F)(C(F)(F)F)C(C(C(F)(F)F)(C(F)(F)F)C(F)(F)F)(F)F,FC(C(C([O-])=O)(F)F)([C](F)F)C(C(C(F)(F)F)(C(F)(F)F)C(F)(F)F)(F)F,471.7544425,112.7503
FC(C(C([O-])=O)(F)F)(C(F)(F)F)C(C(C(F)(F)F)(C(F)(F)F)C(F)(F)F)(F)F,FC(C(C([O-])=O)(F)F)(C(F)(F)F)[C](C(C(F)(F)F)(C(F)(F)F)C(F)(F)F)F,396.4408767,94.7502
FC(C(C([O-])=O)(F)F)(C(F)(F)F)C(C(C(F)(F)F)(C(F)(F)F)C(F)(F)F)(F)F,FC(C(C([O-])=O)(F)F)(C(F)(F)F)C(C([C](F)F)(C(F)(F)F)C(F)(F)F)(F)F,480.0798925,114.7401
FC(C(C([O-])=O)(F)F)(C(F)(F)F)C(C(C(F)(F)F)(C(F)(F)F)C(F)(F)F)(F)F,FC(C(C([O-])=O)(F)F)(C(F)(F)F)C(C([C](F)F)(C(F)(F)F)C(F)(F)F)(F)F,476.4698823,113.8773
FC(C(C([O-])=O)(F)F)(C(F)(F)F)C(C(C(F)(F)F)(C(F)(F)F)C(F)(F)F)(F)F,FC(C(C([O-])=O)(F)F)(C(F)(F)F)C(C([C](F)F)(C(F)(F)F)C(F)(F)F)(F)F,479.901233,114.6974
OCCC(C(C(C(F)(F)F)(F)F)(F)F)(F)F,OCC[C](C(C(C(F)(F)F)(F)F)(F)F)F,461.5147833,110.303
OCCC(C(C(C(F)(F)F)(F)F)(F)F)(F)F,OCCC([C](C(C(F)(F)F)(F)F)F)(F)F,455.2240434,108.7995
OCCC(C(C(C(F)(F)F)(F)F)(F)F)(F)F,OCCC(C([C](C(F)(F)F)F)(F)F)(F)F,453.4491636,108.3753
OCCC(C(C(C(F)(F)F)(F)F)(F)F)(F)F,OCCC(C(C([C](F)F)(F)F)(F)F)(F)F,497.0671913,118.8001
OCC(C(C(C(C(F)(F)F)(F)F)(F)F)(F)F)(F)F,OC[C](C(C(C(C(F)(F)F)(F)F)(F)F)(F)F)F,463.9222935,110.8784
OCC(C(C(C(C(F)(F)F)(F)F)(F)F)(F)F)(F)F,OCC([C](C(C(C(F)(F)F)(F)F)(F)F)F)(F)F,451.8818133,108.0007
OCC(C(C(C(C(F)(F)F)(F)F)(F)F)(F)F)(F)F,OCC(C([C](C(C(F)(F)F)(F)F)F)(F)F)(F)F,451.8604746,107.9956
OCC(C(C(C(C(F)(F)F)(F)F)(F)F)(F)F)(F)F,OCC(C(C([C](C(F)(F)F)F)(F)F)(F)F)(F)F,454.2972733,108.578
OCC(C(C(C(C(F)(F)F)(F)F)(F)F)(F)F)(F)F,OCC(C(C(C([C](F)F)(F)F)(F)F)(F)F)(F)F,492.6245524,117.7383
[O-]C(C(C(F)(C(OC(F)(F)F)(F)F)F)(F)F)=O,[C](F)(C(=O)[O-])C(F)(F)C(F)(F)OC(F)(F)F,444.2517547,106.1771
[O-]C(C(C(F)(C(OC(F)(F)F)(F)F)F)(F)F)=O,[C](F)(C(F)(F)OC(F)(F)F)C(F)(F)C(=O)[O-],461.207673,110.2296
[O-]C(C(C(F)(C(OC(F)(F)F)(F)F)F)(F)F)=O,[C](F)(OC(F)(F)F)C(F)(F)C(F)(F)C(=O)[O-],473.4556828,113.1569
[O-]C(C(C(F)(C(OC(F)(F)F)(F)F)F)(F)F)=O,[C](F)(F)OC(F)(F)C(F)(F)C(F)(F)C(=O)[O-],502.2052216,120.0281
[O-]C(C(C(C(F)(C(C([O-])=O)(F)F)F)(F)F)(F)F)=O,[C](F)(C(=O)[O-])C(F)(F)C(F)(F)C(F)(F)C(=O)[O-],449.9412445,107.5369
[O-]C(C(C(C(F)(C(C([O-])=O)(F)F)F)(F)F)(F)F)=O,[C](F)(C(F)(F)C(=O)[O-])C(F)(F)C(F)(F)C(=O)[O-],458.7210839,109.6353
OCC(F)(C(F)(C(F)(C(CO)(F)F)F)F)F,OCC(F)(C(F)(C(F)([C](CO)F)F)F)F,457.9859439,109.4596
OCC(F)(C(F)(C(F)(C(CO)(F)F)F)F)F,OCC(F)(C(F)([C](C(CO)(F)F)F)F)F,450.6634139,107.7095
[O-]C(C(C(F)(C(C(C(F)(F)F)(F)F)(F)F)F)(F)F)=O,[O-]C([C](C(F)(C(C(C(F)(F)F)(F)F)(F)F)F)F)=O,448.6471136,107.2276
[O-]C(C(C(F)(C(C(C(F)(F)F)(F)F)(F)F)F)(F)F)=O,[O-]C(C([C](C(C(C(F)(F)F)(F)F)(F)F)F)(F)F)=O,450.902324,107.7666
[O-]C(C(C(F)(C(C(C(F)(F)F)(F)F)(F)F)F)(F)F)=O,[O-]C(C(C(F)([C](C(C(F)(F)F)(F)F)F)F)(F)F)=O,448.4132245,107.1717
[O-]C(C(C(F)(C(C(C(F)(F)F)(F)F)(F)F)F)(F)F)=O,[O-]C(C(C(F)(C([C](C(F)(F)F)F)(F)F)F)(F)F)=O,453.632844,108.4192
[O-]C(C(C(F)(C(C(C(F)(F)F)(F)F)(F)F)F)(F)F)=O,[O-]C(C(C(F)(C(C([C](F)F)(F)F)(F)F)F)(F)F)=O,493.0789418,117.8469
NC(C(C(C(C(C(C(F)(F)F)(F)F)(F)F)(F)F)(F)F)(F)F)=O,NC([C](C(C(C(C(C(F)(F)F)(F)F)(F)F)(F)F)(F)F)F)=O,439.2212548,104.9748
NC(C(C(C(C(C(C(F)(F)F)(F)F)(F)F)(F)F)(F)F)(F)F)=O,NC(C([C](C(C(C(C(F)(F)F)(F)F)(F)F)(F)F)F)(F)F)=O,451.5926945,107.9316
NC(C(C(C(C(C(C(F)(F)F)(F)F)(F)F)(F)F)(F)F)(F)F)=O,NC(C(C([C](C(C(C(F)(F)F)(F)F)(F)F)F)(F)F)(F)F)=O,447.738335,107.0104
NC(C(C(C(C(C(C(F)(F)F)(F)F)(F)F)(F)F)(F)F)(F)F)=O,NC(C(C(C([C](C(C(F)(F)F)(F)F)F)(F)F)(F)F)(F)F)=O,445.9504845,106.5831
NC(C(C(C(C(C(C(F)(F)F)(F)F)(F)F)(F)F)(F)F)(F)F)=O,NC(C(C(C(C([C](C(F)(F)F)F)(F)F)(F)F)(F)F)(F)F)=O,453.2441445,108.3263
NC(C(C(C(C(C(C(F)(F)F)(F)F)(F)F)(F)F)(F)F)(F)F)=O,NC(C(C(C(C(C([C](F)F)(F)F)(F)F)(F)F)(F)F)(F)F)=O,492.530411,117.7158
O=C(C(OC(F)(C(OC(F)(F)F)(F)F)F)(F)F)[O-],[C](F)(OC(F)(F)C(F)(F)OC(F)(F)F)C(=O)[O-],478.4179824,114.3429
O=C(C(OC(F)(C(OC(F)(F)F)(F)F)F)(F)F)[O-],[C](F)(OC(F)(F)C(=O)[O-])C(F)(F)OC(F)(F)F,476.6640229,113.9237
O=C(C(OC(F)(C(OC(F)(F)F)(F)F)F)(F)F)[O-],[C](F)(OC(F)(F)F)C(F)(F)OC(F)(F)C(=O)[O-],466.4323134,111.4783
O=C(C(OC(F)(C(OC(F)(F)F)(F)F)F)(F)F)[O-],[C](F)(F)OC(F)(F)C(F)(F)OC(F)(F)C(=O)[O-],503.1951711,120.2647
[O-]C(CCC(F)(C(C(C(F)(F)F)(F)F)(F)F)F)=O,[C](F)(CCC(=O)[O-])C(F)(F)C(F)(F)C(F)(F)F,464.0352633,110.9054
[O-]C(CCC(F)(C(C(C(F)(F)F)(F)F)(F)F)F)=O,[C](F)(C(F)(F)CCC(=O)[O-])C(F)(F)C(F)(F)F,456.0587641,108.999
[O-]C(CCC(F)(C(C(C(F)(F)F)(F)F)(F)F)F)=O,[C](F)(C(F)(F)F)C(F)(F)C(F)(F)CCC(=O)[O-],457.8574931,109.4289
[O-]C(CCC(F)(C(C(C(F)(F)F)(F)F)(F)F)F)=O,[C](F)(F)C(F)(F)C(F)(F)C(F)(F)CCC(=O)[O-],494.1529909,118.1036
OCCCC(C(C(C(F)(F)F)(F)F)(F)F)(F)F,OCCC[C](C(C(C(F)(F)F)(F)F)(F)F)F,464.0800327,110.9161
OCCCC(C(C(C(F)(F)F)(F)F)(F)F)(F)F,OCCCC([C](C(C(F)(F)F)(F)F)F)(F)F,455.6361737,108.898
OCCCC(C(C(C(F)(F)F)(F)F)(F)F)(F)F,OCCCC(C([C](C(F)(F)F)F)(F)F)(F)F,453.5910033,108.4092
OCCCC(C(C(C(F)(F)F)(F)F)(F)F)(F)F,OCCCC(C(C([C](F)F)(F)F)(F)F)(F)F,497.0358108,118.7926
OCCC(C(C(C(C(F)(F)F)(F)F)(F)F)(F)F)(F)F,OCC[C](C(C(C(C(F)(F)F)(F)F)(F)F)(F)F)F,463.0507531,110.6701
OCCC(C(C(C(C(F)(F)F)(F)F)(F)F)(F)F)(F)F,OCCC([C](C(C(C(F)(F)F)(F)F)(F)F)F)(F)F,453.9085738,108.4851
OCCC(C(C(C(C(F)(F)F)(F)F)(F)F)(F)F)(F)F,OCCC(C([C](C(C(F)(F)F)(F)F)F)(F)F)(F)F,448.5366543,107.2012
OCCC(C(C(C(C(F)(F)F)(F)F)(F)F)(F)F)(F)F,OCCC(C(C([C](C(F)(F)F)F)(F)F)(F)F)(F)F,453.5119245,108.3903
OCCC(C(C(C(C(F)(F)F)(F)F)(F)F)(F)F)(F)F,OCCC(C(C(C([C](F)F)(F)F)(F)F)(F)F)(F)F,496.2793321,118.6118
OCC(C(C(C(C(C(F)(F)F)(F)F)(F)F)(F)F)(F)F)(F)F,OC[C](C(C(C(C(C(F)(F)F)(F)F)(F)F)(F)F)(F)F)F,460.3332037,110.0206
OCC(C(C(C(C(C(F)(F)F)(F)F)(F)F)(F)F)(F)F)(F)F,OCC([C](C(C(C(C(F)(F)F)(F)F)(F)F)(F)F)F)(F)F,452.6956137,108.1952
OCC(C(C(C(C(C(F)(F)F)(F)F)(F)F)(F)F)(F)F)(F)F,OCC(C([C](C(C(C(F)(F)F)(F)F)(F)F)F)(F)F)(F)F,447.5232741,106.959
OCC(C(C(C(C(C(F)(F)F)(F)F)(F)F)(F)F)(F)F)(F)F,OCC(C(C([C](C(C(F)(F)F)(F)F)F)(F)F)(F)F)(F)F,449.9098641,107.5294
OCC(C(C(C(C(C(F)(F)F)(F)F)(F)F)(F)F)(F)F)(F)F,OCC(C(C(C([C](C(F)(F)F)F)(F)F)(F)F)(F)F)(F)F,454.0504135,108.519
OCC(C(C(C(C(C(F)(F)F)(F)F)(F)F)(F)F)(F)F)(F)F,OCC(C(C(C(C([C](F)F)(F)F)(F)F)(F)F)(F)F)(F)F,495.7885414,118.4945
OCC(F)(C(F)(C(F)(C(F)(C(CO)(F)F)F)F)F)F,OC[C](C(F)(C(F)(C(F)(C(CO)(F)F)F)F)F)F,458.8286143,109.661
OCC(F)(C(F)(C(F)(C(F)(C(CO)(F)F)F)F)F)F,OCC(F)([C](C(F)(C(F)(C(CO)(F)F)F)F)F)F,450.8968847,107.7653
OCC(F)(C(F)(C(F)(C(F)(C(CO)(F)F)F)F)F)F,OCC(F)(C(F)([C](C(F)(C(CO)(F)F)F)F)F)F,446.3546651,106.6797
[O-]C(C(C(C(F)(C(C(C(F)(F)F)(F)F)(F)F)F)(F)F)(F)F)=O,[O-]C([C](C(C(F)(C(C(C(F)(F)F)(F)F)(F)F)F)(F)F)F)=O,448.8676138,107.2803
[O-]C(C(C(C(F)(C(C(C(F)(F)F)(F)F)(F)F)F)(F)F)(F)F)=O,[O-]C(C([C](C(F)(C(C(C(F)(F)F)(F)F)(F)F)F)F)(F)F)=O,453.4253144,108.3696
[O-]C(C(C(C(F)(C(C(C(F)(F)F)(F)F)(F)F)F)(F)F)(F)F)=O,[O-]C(C(C([C](C(C(C(F)(F)F)(F)F)(F)F)F)(F)F)(F)F)=O,447.318255,106.91
[O-]C(C(C(C(F)(C(C(C(F)(F)F)(F)F)(F)F)F)(F)F)(F)F)=O,[O-]C(C(C(C(F)([C](C(C(F)(F)F)(F)F)F)F)(F)F)(F)F)=O,447.5835246,106.9734
[O-]C(C(C(C(F)(C(C(C(F)(F)F)(F)F)(F)F)F)(F)F)(F)F)=O,[O-]C(C(C(C(F)(C([C](C(F)(F)F)F)(F)F)F)(F)F)(F)F)=O,453.3755241,108.3577
[O-]C(C(C(C(F)(C(C(C(F)(F)F)(F)F)(F)F)F)(F)F)(F)F)=O,[O-]C(C(C(C(F)(C(C([C](F)F)(F)F)(F)F)F)(F)F)(F)F)=O,496.340001,118.6263
NC(C(C(C(C(C(C([C](F)F)(F)F)(F)F)(F)F)(F)F)(F)F)(F)F)=O,NC([C](C(C(C(C(C(C(F)(F)F)(F)F)(F)F)(F)F)(F)F)(F)F)F)=O,439.2371543,104.9786
NC(C(C(C(C(C(C([C](F)F)(F)F)(F)F)(F)F)(F)F)(F)F)(F)F)=O,NC(C([C](C(C(C(C(C(F)(F)F)(F)F)(F)F)(F)F)(F)F)F)(F)F)=O,451.8027345,107.9818
NC(C(C(C(C(C(C([C](F)F)(F)F)(F)F)(F)F)(F)F)(F)F)(F)F)=O,NC(C(C([C](C(C(C(C(F)(F)F)(F)F)(F)F)(F)F)F)(F)F)(F)F)=O,447.8487943,107.0368
NC(C(C(C(C(C(C([C](F)F)(F)F)(F)F)(F)F)(F)F)(F)F)(F)F)=O,NC(C(C(C([C](C(C(C(F)(F)F)(F)F)(F)F)F)(F)F)(F)F)(F)F)=O,445.890234,106.5687
NC(C(C(C(C(C(C([C](F)F)(F)F)(F)F)(F)F)(F)F)(F)F)(F)F)=O,NC(C(C(C(C([C](C(C(F)(F)F)(F)F)F)(F)F)(F)F)(F)F)(F)F)=O,447.4680445,106.9458
NC(C(C(C(C(C(C([C](F)F)(F)F)(F)F)(F)F)(F)F)(F)F)(F)F)=O,NC(C(C(C(C(C([C](C(F)(F)F)F)(F)F)(F)F)(F)F)(F)F)(F)F)=O,453.6119237,108.4142
NC(C(C(C(C(C(C([C](F)F)(F)F)(F)F)(F)F)(F)F)(F)F)(F)F)=O,NC(C(C(C(C(C(C([C](F)F)(F)F)(F)F)(F)F)(F)F)(F)F)(F)F)=O,493.5751717,117.9655
O=C(C(OC(C(OC(C([O-])=O)(F)F)(F)F)(F)F)(F)F)[O-],O=C(C(OC(C(O[C](C([O-])=O)F)(F)F)(F)F)(F)F)[O-],467.1097133,111.6402
O=C(C(OC(C(OC(C([O-])=O)(F)F)(F)F)(F)F)(F)F)[O-],O=C(C(OC([C](OC(C([O-])=O)(F)F)F)(F)F)(F)F)[O-],477.5384922,114.1327
FC(C(F)(F)F)(C(F)(C(F)(C(C(F)(C(F)(F)F)C(C([O-])=O)(F)F)(F)F)F)F)C(F)(F)F,FC(C(F)(F)F)(C(F)(C(F)(C(C(F)(C(F)(F)F)[C](C([O-])=O)F)(F)F)F)F)C(F)(F)F,437.9400945,104.6686
FC(C(F)(F)F)(C(F)(C(F)(C(C(F)(C(F)(F)F)C(C([O-])=O)(F)F)(F)F)F)F)C(F)(F)F,FC(C(F)(F)F)(C(F)(C(F)(C([C](C(F)(F)F)C(C([O-])=O)(F)F)(F)F)F)F)C(F)(F)F,402.9391461,96.3033
FC(C(F)(F)F)(C(F)(C(F)(C(C(F)(C(F)(F)F)C(C([O-])=O)(F)F)(F)F)F)F)C(F)(F)F,FC(C(F)(F)F)(C(F)(C(F)(C(C(F)([C](F)F)C(C([O-])=O)(F)F)(F)F)F)F)C(F)(F)F,487.1530523,116.4306
FC(C(F)(F)F)(C(F)(C(F)(C(C(F)(C(F)(F)F)C(C([O-])=O)(F)F)(F)F)F)F)C(F)(F)F,FC(C(F)(F)F)(C(F)(C(F)([C](C(F)(C(F)(F)F)C(C([O-])=O)(F)F)F)F)F)C(F)(F)F,428.2937355,102.3631
FC(C(F)(F)F)(C(F)(C(F)(C(C(F)(C(F)(F)F)C(C([O-])=O)(F)F)(F)F)F)F)C(F)(F)F,FC(C(F)(F)F)(C(F)([C](C(C(F)(C(F)(F)F)C(C([O-])=O)(F)F)(F)F)F)F)C(F)(F)F,437.9032747,104.6598
FC(C(F)(F)F)(C(F)(C(F)(C(C(F)(C(F)(F)F)C(C([O-])=O)(F)F)(F)F)F)F)C(F)(F)F,FC(C(F)(F)F)([C](C(F)(C(C(F)(C(F)(F)F)C(C([O-])=O)(F)F)(F)F)F)F)C(F)(F)F,434.8104148,103.9206
FC(C(F)(F)F)(C(F)(C(F)(C(C(F)(C(F)(F)F)C(C([O-])=O)(F)F)(F)F)F)F)C(F)(F)F,FC(C(F)(F)F)(C(C(C([C](C(F)(F)F)C(F)(F)F)(F)F)(F)F)(F)F)C(C([O-])=O)(F)F,406.4466467,97.1416
FC(C(F)(F)F)(C(F)(C(F)(C(C(F)(C(F)(F)F)C(C([O-])=O)(F)F)(F)F)F)F)C(F)(F)F,FC([C](F)F)(C(F)(C(F)(C(C(F)(C(F)(F)F)C(C([O-])=O)(F)F)(F)F)F)F)C(F)(F)F,482.9811223,115.4335
FC(C(F)(F)F)(C(F)(C(F)(C(C(F)(C(F)(F)F)C(C([O-])=O)(F)F)(F)F)F)F)C(F)(F)F,FC([C](F)F)(C(F)(C(F)(C(C(F)(C(F)(F)F)C(C([O-])=O)(F)F)(F)F)F)F)C(F)(F)F,487.3133019,116.4689
OCC(C(C(C(C(C(C(F)(F)F)(C(F)(F)F)F)(F)F)(F)F)(F)F)(C(F)(F)F)F)(F)F,[C](F)(CO)C(F)(C(F)(F)F)C(F)(F)C(F)(F)C(F)(F)C(F)(C(F)(F)F)C(F)(F)F,462.6859027,110.5829
OCC(C(C(C(C(C(C(F)(F)F)(C(F)(F)F)F)(F)F)(F)F)(F)F)(C(F)(F)F)F)(F)F,[C](C(F)(F)F)(C(F)(F)CO)C(F)(F)C(F)(F)C(F)(F)C(F)(C(F)(F)F)C(F)(F)F,400.6102962,95.7467
OCC(C(C(C(C(C(C(F)(F)F)(C(F)(F)F)F)(F)F)(F)F)(F)F)(C(F)(F)F)F)(F)F,[C](F)(F)C(F)(C(F)(F)CO)C(F)(F)C(F)(F)C(F)(F)C(F)(C(F)(F)F)C(F)(F)F,488.497392,116.7519
OCC(C(C(C(C(C(C(F)(F)F)(C(F)(F)F)F)(F)F)(F)F)(F)F)(C(F)(F)F)F)(F)F,[C](F)(C(F)(F)C(F)(F)C(F)(C(F)(F)F)C(F)(F)F)C(F)(C(F)(F)F)C(F)(F)CO,422.7540351,101.0391
OCC(C(C(C(C(C(C(F)(F)F)(C(F)(F)F)F)(F)F)(F)F)(F)F)(C(F)(F)F)F)(F)F,[C](F)(C(F)(F)C(F)(C(F)(F)F)C(F)(F)F)C(F)(F)C(F)(C(F)(F)F)C(F)(F)CO,441.7785546,105.586
OCC(C(C(C(C(C(C(F)(F)F)(C(F)(F)F)F)(F)F)(F)F)(F)F)(C(F)(F)F)F)(F)F,[C](F)(C(F)(F)C(F)(F)C(F)(C(F)(F)F)C(F)(F)CO)C(F)(C(F)(F)F)C(F)(F)F,428.4330649,102.3964
OCC(C(C(C(C(C(C(F)(F)F)(C(F)(F)F)F)(F)F)(F)F)(F)F)(C(F)(F)F)F)(F)F,[C](C(F)(F)F)(C(F)(F)F)C(F)(F)C(F)(F)C(F)(F)C(F)(C(F)(F)F)C(F)(F)CO,402.8993975,96.2938
OCC(C(C(C(C(C(C(F)(F)F)(C(F)(F)F)F)(F)F)(F)F)(F)F)(C(F)(F)F)F)(F)F,[C](F)(F)C(F)(C(F)(F)F)C(F)(F)C(F)(F)C(F)(F)C(F)(C(F)(F)F)C(F)(F)CO,484.6325723,115.8282
OCC(C(C(C(C(C(C(F)(F)F)(C(F)(F)F)F)(F)F)(F)F)(F)F)(C(F)(F)F)F)(F)F,[C](F)(F)C(F)(C(F)(F)F)C(F)(F)C(F)(F)C(F)(F)C(F)(C(F)(F)F)C(F)(F)CO,485.5543215,116.0485
[O-]C(CCC(C(F)(C(C(C(F)(F)F)(F)F)(F)F)F)(F)F)=O,[C](F)(CCC(=O)[O-])C(F)(F)C(F)(F)C(F)(F)C(F)(F)F,464.5340037,111.0246
[O-]C(CCC(C(F)(C(C(C(F)(F)F)(F)F)(F)F)F)(F)F)=O,[C](F)(C(F)(F)CCC(=O)[O-])C(F)(F)C(F)(F)C(F)(F)F,460.7373842,110.1172
[O-]C(CCC(C(F)(C(C(C(F)(F)F)(F)F)(F)F)F)(F)F)=O,[C](F)(C(F)(F)C(F)(F)F)C(F)(F)C(F)(F)CCC(=O)[O-],447.7596737,107.0155
[O-]C(CCC(C(F)(C(C(C(F)(F)F)(F)F)(F)F)F)(F)F)=O,[C](F)(C(F)(F)F)C(F)(F)C(F)(F)C(F)(F)CCC(=O)[O-],453.8956032,108.482
[O-]C(CCC(C(F)(C(C(C(F)(F)F)(F)F)(F)F)F)(F)F)=O,[C](F)(F)C(F)(F)C(F)(F)C(F)(F)C(F)(F)CCC(=O)[O-],496.7784909,118.7311
OCCCC(C(C(C(C(F)(F)F)(F)F)(F)F)(F)F)(F)F,OCCC[C](C(C(C(C(F)(F)F)(F)F)(F)F)(F)F)F,464.449904,111.0045
OCCCC(C(C(C(C(F)(F)F)(F)F)(F)F)(F)F)(F)F,OCCCC([C](C(C(C(F)(F)F)(F)F)(F)F)F)(F)F,454.3863939,108.5993
OCCCC(C(C(C(C(F)(F)F)(F)F)(F)F)(F)F)(F)F,OCCCC(C([C](C(C(F)(F)F)(F)F)F)(F)F)(F)F,448.7676147,107.2564
OCCCC(C(C(C(C(F)(F)F)(F)F)(F)F)(F)F)(F)F,OCCCC(C(C([C](C(F)(F)F)F)(F)F)(F)F)(F)F,453.5880745,108.4085
OCCCC(C(C(C(C(F)(F)F)(F)F)(F)F)(F)F)(F)F,OCCCC(C(C(C([C](F)F)(F)F)(F)F)(F)F)(F)F,496.2140607,118.5962
OCCC(C(C(C(C(C(F)(F)F)(F)F)(F)F)(F)F)(F)F)(F)F,OCC[C](C(C(C(C(C(F)(F)F)(F)F)(F)F)(F)F)F)(F)F,463.2921735,110.7278
OCCC(C(C(C(C(C(F)(F)F)(F)F)(F)F)(F)F)(F)F)(F)F,OCCC([C](C(C(C(C(F)(F)F)(F)F)(F)F)F)(F)F)(F)F,455.3579335,108.8315
OCCC(C(C(C(C(C(F)(F)F)(F)F)(F)F)(F)F)(F)F)(F)F,OCCC(C([C](C(C(C(F)(F)F)(F)F)F)(F)F)(F)F)(F)F,446.4730741,106.708
OCCC(C(C(C(C(C(F)(F)F)(F)F)(F)F)(F)F)(F)F)(F)F,OCCC(C(C([C](C(C(F)(F)F)F)(F)F)(F)F)(F)F)(F)F,448.0010942,107.0732
OCCC(C(C(C(C(C(F)(F)F)(F)F)(F)F)(F)F)(F)F)(F)F,OCCC(C(C(C([C](C(F)(F)F)F)(F)F)(F)F)(F)F)(F)F,452.8688339,108.2366
OCCC(C(C(C(C(C(F)(F)F)(F)F)(F)F)(F)F)(F)F)(F)F,OCCC(C(C(C(C([C](F)F)(F)F)(F)F)(F)F)(F)F)(F)F,496.4082013,118.6426
OCC(C(C(C(C(C(C(F)(F)F)(F)F)(F)F)(F)F)(F)F)(F)F)(F)F,OC[C](C(C(C(C(C(C(F)(F)F)(F)F)(F)F)(F)F)(F)F)(F)F)F,460.6562134,110.0978
OCC(C(C(C(C(C(C(F)(F)F)(F)F)(F)F)(F)F)(F)F)(F)F)(F)F,OCC([C](C(C(C(C(C(F)(F)F)(F)F)(F)F)(F)F)(F)F)F)(F)F,452.3253241,108.1067
OCC(C(C(C(C(C(C(F)(F)F)(F)F)(F)F)(F)F)(F)F)(F)F)(F)F,OCC(C([C](C(C(C(C(F)(F)F)(F)F)(F)F)(F)F)F)(F)F)(F)F,452.0182138,108.0333
OCC(C(C(C(C(C(C(F)(F)F)(F)F)(F)F)(F)F)(F)F)(F)F)(F)F,OCC(C(C([C](C(C(C(F)(F)F)(F)F)(F)F)F)(F)F)(F)F)(F)F,446.4860447,106.7111
OCC(C(C(C(C(C(C(F)(F)F)(F)F)(F)F)(F)F)(F)F)(F)F)(F)F,OCC(C(C(C([C](C(C(F)(F)F)(F)F)F)(F)F)(F)F)(F)F)(F)F,450.5504442,107.6825
OCC(C(C(C(C(C(C(F)(F)F)(F)F)(F)F)(F)F)(F)F)(F)F)(F)F,OCC(C(C(C(C([C](C(F)(F)F)F)(F)F)(F)F)(F)F)(F)F)(F)F,451.8420647,107.9912
OCC(C(C(C(C(C(C(F)(F)F)(F)F)(F)F)(F)F)(F)F)(F)F)(F)F,OCC(C(C(C(C(C([C](F)F)(F)F)(F)F)(F)F)(F)F)(F)F)(F)F,495.7755708,118.4914
[O-]C(C(F)(C(C(F)(C(C(F)(C(C([O-])=O)(F)F)F)(F)F)F)(F)F)F)=O,[C](F)(C(=O)[O-])C(F)(F)C(F)(F)C(F)(F)C(F)(F)C(F)(F)C(=O)[O-],449.1931339,107.3581
[O-]C(C(F)(C(C(F)(C(C(F)(C(C([O-])=O)(F)F)F)(F)F)F)(F)F)F)=O,[C](F)(C(F)(F)C(=O)[O-])C(F)(F)C(F)(F)C(F)(F)C(F)(F)C(=O)[O-],453.4621342,108.3784
[O-]C(C(F)(C(C(F)(C(C(F)(C(C([O-])=O)(F)F)F)(F)F)F)(F)F)F)=O,[C](F)(C(F)(F)C(F)(F)C(=O)[O-])C(F)(F)C(F)(F)C(F)(F)C(=O)[O-],449.5948041,107.4541
OCC(F)(C(F)(C(F)(C(F)(C(F)(C(CO)(F)F)F)F)F)F)F,OC[C](C(F)(C(F)(C(F)(C(F)(C(CO)(F)F)F)F)F)F)F,462.5256531,110.5446
OCC(F)(C(F)(C(F)(C(F)(C(F)(C(CO)(F)F)F)F)F)F)F,OCC(F)([C](C(F)(C(F)(C(F)(C(CO)(F)F)F)F)F)F)F,451.5717742,107.9266
OCC(F)(C(F)(C(F)(C(F)(C(F)(C(CO)(F)F)F)F)F)F)F,OCC(F)(C(F)([C](C(F)(C(F)(C(CO)(F)F)F)F)F)F)F,445.8006951,106.5473
[O-]C(C(C(F)(C(C(F)(C(C(C(F)(F)F)(F)F)(F)F)F)(F)F)F)(F)F)=O,[O-]C([C](C(F)(C(C(F)(C(C(C(F)(F)F)(F)F)(F)F)F)(F)F)F)F)=O,449.0747249,107.3298
[O-]C(C(C(F)(C(C(F)(C(C(C(F)(F)F)(F)F)(F)F)F)(F)F)F)(F)F)=O,[O-]C(C([C](C(C(F)(C(C(C(F)(F)F)(F)F)(F)F)F)(F)F)F)(F)F)=O,452.1127736,108.0559
[O-]C(C(C(F)(C(C(F)(C(C(C(F)(F)F)(F)F)(F)F)F)(F)F)F)(F)F)=O,[O-]C(C(C(F)([C](C(F)(C(C(C(F)(F)F)(F)F)(F)F)F)F)F)(F)F)=O,448.7755644,107.2583
[O-]C(C(C(F)(C(C(F)(C(C(C(F)(F)F)(F)F)(F)F)F)(F)F)F)(F)F)=O,[O-]C(C(C(F)(C([C](C(C(C(F)(F)F)(F)F)(F)F)F)(F)F)F)(F)F)=O,447.7412638,107.0111
[O-]C(C(C(F)(C(C(F)(C(C(C(F)(F)F)(F)F)(F)F)F)(F)F)F)(F)F)=O,[O-]C(C(C(F)(C(C(F)([C](C(C(F)(F)F)(F)F)F)F)(F)F)F)(F)F)=O,446.7776739,106.7808
[O-]C(C(C(F)(C(C(F)(C(C(C(F)(F)F)(F)F)(F)F)F)(F)F)F)(F)F)=O,[O-]C(C(C(F)(C(C(F)(C([C](C(F)(F)F)F)(F)F)F)(F)F)F)(F)F)=O,453.1315931,108.2994
[O-]C(C(C(F)(C(C(F)(C(C(C(F)(F)F)(F)F)(F)F)F)(F)F)F)(F)F)=O,[O-]C(C(C(F)(C(C(F)(C(C([C](F)F)(F)F)(F)F)F)(F)F)F)(F)F)=O,492.5145116,117.712
NC(C(C(C(C(C(C(C(F)(C(F)(F)F)F)(F)F)(F)F)(F)F)(F)F)(F)F)(F)F)=O,NC([C](C(C(C(C(C(C(F)(C(F)(F)F)F)(F)F)(F)F)(F)F)(F)F)(F)F)F)=O,439.3840149,105.0137
NC(C(C(C(C(C(C(C(F)(C(F)(F)F)F)(F)F)(F)F)(F)F)(F)F)(F)F)(F)F)=O,NC(C([C](C(C(C(C(C(F)(C(F)(F)F)F)(F)F)(F)F)(F)F)(F)F)F)(F)F)=O,450.8157139,107.7459
NC(C(C(C(C(C(C(C(F)(C(F)(F)F)F)(F)F)(F)F)(F)F)(F)F)(F)F)(F)F)=O,NC(C(C([C](C(C(C(C(F)(C(F)(F)F)F)(F)F)(F)F)(F)F)F)(F)F)F)=O,446.3944137,106.6892
NC(C(C(C(C(C(C(C(F)(C(F)(F)F)F)(F)F)(F)F)(F)F)(F)F)(F)F)(F)F)=O,NC(C(C(C([C](C(C(C(F)(C(F)(F)F)F)(F)F)(F)F)F)(F)F)(F)F)F)=O,445.7115745,106.526
NC(C(C(C(C(C(C(C(F)(C(F)(F)F)F)(F)F)(F)F)(F)F)(F)F)(F)F)(F)F)=O,NC(C(C(C(C([C](C(C(F)(C(F)(F)F)F)(F)F)F)(F)F)(F)F)(F)F)F)=O,445.4383551,106.4607
NC(C(C(C(C(C(C(C(F)(C(F)(F)F)F)(F)F)(F)F)(F)F)(F)F)(F)F)(F)F)=O,NC(C(C(C(C(C([C](C(F)(C(F)(F)F)F)F)(F)F)(F)F)(F)F)(F)F)F)=O,449.0249346,107.3179
NC(C(C(C(C(C(C(C(F)(C(F)(F)F)F)(F)F)(F)F)(F)F)(F)F)(F)F)(F)F)=O,NC(C(C(C(C(C(C([C](C(F)(F)F)F)(F)F)(F)F)(F)F)(F)F)(F)F)F)=O,453.5069037,108.3891
NC(C(C(C(C(C(C(C(F)(C(F)(F)F)F)(F)F)(F)F)(F)F)(F)F)(F)F)(F)F)=O,NC(C(C(C(C(C(C(C(F)([C](F)F)F)(F)F)(F)F)(F)F)(F)F)(F)F)F)=O,495.877662,118.5158
[O-]C(C(OC(C(OC(F)(C(C(F)(F)F)(F)F)F)(C(F)(F)F)F)(F)F)(C(F)(F)F)F)=O,[C](OC(F)(F)C(F)(OC(F)(F)C(F)(F)C(F)(F)F)C(F)(F)F)(C(=O)[O-])C(F)(F)F,433.6970355,103.6545
[O-]C(C(OC(C(OC(F)(C(C(F)(F)F)(F)F)F)(C(F)(F)F)F)(F)F)(C(F)(F)F)F)=O,[C](F)(F)C(F)(OC(F)(F)C(F)(OC(F)(F)C(F)(F)C(F)(F)F)C(F)(F)F)C(=O)[O-],498.6688509,119.1829
[O-]C(C(OC(C(OC(F)(C(C(F)(F)F)(F)F)F)(C(F)(F)F)F)(F)F)(C(F)(F)F)F)=O,[C](F)(OC(F)(C(=O)[O-])C(F)(F)F)C(F)(OC(F)(F)C(F)(F)C(F)(F)F)C(F)(F)F,466.5687139,111.5109
[O-]C(C(OC(C(OC(F)(C(C(F)(F)F)(F)F)F)(C(F)(F)F)F)(F)F)(C(F)(F)F)F)=O,[C](OC(F)(F)C(F)(F)C(F)(F)F)(C(F)(F)F)C(F)(F)OC(F)(C(=O)[O-])C(F)(F)F,438.7329746,104.8581
[O-]C(C(OC(C(OC(F)(C(C(F)(F)F)(F)F)F)(C(F)(F)F)F)(F)F)(C(F)(F)F)F)=O,[C](F)(F)C(F)(OC(F)(F)C(F)(F)C(F)(F)F)C(F)(F)OC(F)(C(=O)[O-])C(F)(F)F,489.3534514,116.9565
[O-]C(C(OC(C(OC(F)(C(C(F)(F)F)(F)F)F)(C(F)(F)F)F)(F)F)(C(F)(F)F)F)=O,[C](F)(OC(F)(C(F)(F)F)C(F)(F)OC(F)(C(=O)[O-])C(F)(F)F)C(F)(F)C(F)(F)F,466.6712234,111.5354
[O-]C(C(OC(C(OC(F)(C(C(F)(F)F)(F)F)F)(C(F)(F)F)F)(F)F)(C(F)(F)F)F)=O,[C](F)(C(F)(F)F)C(F)(F)OC(F)(C(F)(F)F)C(F)(F)OC(F)(C(=O)[O-])C(F)(F)F,455.1922445,108.7919
[O-]C(C(OC(C(OC(F)(C(C(F)(F)F)(F)F)F)(C(F)(F)F)F)(F)F)(C(F)(F)F)F)=O,[C](F)(F)C(F)(F)C(F)(F)OC(F)(C(F)(F)F)C(F)(F)OC(F)(C(=O)[O-])C(F)(F)F,494.3814408,118.1582
OCC(C(C(C(C(C(C(C(F)(F)F)(F)F)(F)F)(F)F)(F)F)(F)F)(F)F)(F)F,OC[C](C(C(C(C(C(C(F)(C(F)(F)F)F)(F)F)(F)F)(F)F)(F)F)(F)F)F,461.1051634,110.2051
OCC(C(C(C(C(C(C(C(F)(F)F)(F)F)(F)F)(F)F)(F)F)(F)F)(F)F)(F)F,OCC([C](C(C(C(C(C(F)(C(F)(F)F)F)(F)F)(F)F)(F)F)(F)F)F)(F)F,455.9642043,108.9764
OCC(C(C(C(C(C(C(C(F)(F)F)(F)F)(F)F)(F)F)(F)F)(F)F)(F)F)(F)F,OCC(C([C](C(C(C(C(F)(C(F)(F)F)F)(F)F)(F)F)(F)F)F)(F)F)(F)F,447.5362447,106.9621
OCC(C(C(C(C(C(C(C(F)(F)F)(F)F)(F)F)(F)F)(F)F)(F)F)(F)F)(F)F,OCC(C(C([C](C(C(C(F)(C(F)(F)F)F)(F)F)(F)F)F)(F)F)(F)F)(F)F,450.5688541,107.6869
OCC(C(C(C(C(C(C(C(F)(F)F)(F)F)(F)F)(F)F)(F)F)(F)F)(F)F)(F)F,OCC(C(C(C([C](C(C(F)(C(F)(F)F)F)(F)F)F)(F)F)(F)F)(F)F)(F)F,449.5843439,107.4516
OCC(C(C(C(C(C(C(C(F)(F)F)(F)F)(F)F)(F)F)(F)F)(F)F)(F)F)(F)F,OCC(C(C(C(C([C](C(F)(C(F)(F)F)F)F)(F)F)(F)F)(F)F)(F)F)(F)F,449.6684436,107.4717
OCC(C(C(C(C(C(C(C(F)(F)F)(F)F)(F)F)(F)F)(F)F)(F)F)(F)F)(F)F,OCC(C(C(C(C(C([C](C(F)(F)F)F)(F)F)(F)F)(F)F)(F)F)(F)F)(F)F,453.031594,108.2755
OCC(C(C(C(C(C(C(C(F)(F)F)(F)F)(F)F)(F)F)(F)F)(F)F)(F)F)(F)F,OCC(C(C(C(C(C(C(F)([C](F)F)F)(F)F)(F)F)(F)F)(F)F)(F)F)(F)F,495.801512,118.4976
OCCC(C(C(C(C(C(C(F)(F)F)(F)F)(F)F)(F)F)(F)F)(F)F)(F)F,OCC[C](C(C(C(C(C(C(F)(F)F)(F)F)(F)F)(F)F)(F)F)(F)F)F,460.7244136,110.1141
OCCC(C(C(C(C(C(C(F)(F)F)(F)F)(F)F)(F)F)(F)F)(F)F)(F)F,OCCC([C](C(C(C(C(C(F)(F)F)(F)F)(F)F)(F)F)(F)F)F)(F)F,454.8771845,108.7166
OCCC(C(C(C(C(C(C(F)(F)F)(F)F)(F)F)(F)F)(F)F)(F)F)(F)F,OCCC(C([C](C(C(C(C(F)(F)F)(F)F)(F)F)(F)F)F)(F)F)(F)F,447.843355,107.0355
OCCC(C(C(C(C(C(C(F)(F)F)(F)F)(F)F)(F)F)(F)F)(F)F)(F)F,OCCC(C(C([C](C(C(C(F)(F)F)(F)F)(F)F)F)(F)F)(F)F)(F)F,446.0107351,106.5975
OCCC(C(C(C(C(C(C(F)(F)F)(F)F)(F)F)(F)F)(F)F)(F)F)(F)F,OCCC(C(C(C([C](C(C(F)(F)F)(F)F)F)(F)F)(F)F)(F)F)(F)F,446.2262143,106.649
OCCC(C(C(C(C(C(C(F)(F)F)(F)F)(F)F)(F)F)(F)F)(F)F)(F)F,OCCC(C(C(C(C([C](C(F)(F)F)F)(F)F)(F)F)(F)F)(F)F)(F)F,453.0236443,108.2736
OCCC(C(C(C(C(C(C(F)(F)F)(F)F)(F)F)(F)F)(F)F)(F)F)(F)F,OCCC(C(C(C(C(C([C](F)F)(F)F)(F)F)(F)F)(F)F)(F)F)(F)F,495.786031,118.4939
OCCCC(C(C(C(C(C(F)(F)F)(F)F)(F)F)(F)F)(F)F)(F)F,OCCC[C](C(C(C(C(C(F)(F)F)(F)F)(F)F)(F)F)(F)F)F,465.9256233,111.3572
OCCCC(C(C(C(C(C(F)(F)F)(F)F)(F)F)(F)F)(F)F)(F)F,OCCCC([C](C(C(C(C(F)(F)F)(F)F)(F)F)(F)F)F)(F)F,456.0587641,108.999
OCCCC(C(C(C(C(C(F)(F)F)(F)F)(F)F)(F)F)(F)F)(F)F,OCCCC(C([C](C(C(C(F)(F)F)(F)F)(F)F)F)(F)F)(F)F,447.5232741,106.959
OCCCC(C(C(C(C(C(F)(F)F)(F)F)(F)F)(F)F)(F)F)(F)F,OCCCC(C(C([C](C(C(F)(F)F)(F)F)F)(F)F)(F)F)(F)F,448.0692944,107.0895
OCCCC(C(C(C(C(C(F)(F)F)(F)F)(F)F)(F)F)(F)F)(F)F,OCCCC(C(C(C([C](C(F)(F)F)F)(F)F)(F)F)(F)F)(F)F,461.9767039,110.4134
OCCCC(C(C(C(C(C(F)(F)F)(F)F)(F)F)(F)F)(F)F)(F)F,OCCCC(C(C(C(C([C](F)F)(F)F)(F)F)(F)F)(F)F)(F)F,496.4420922,118.6507
[O-]C(CCC(F)(C(C(F)(C(C(C(F)(F)F)(F)F)(F)F)F)(F)F)F)=O,[C](F)(CCC(=O)[O-])C(F)(F)C(F)(F)C(F)(F)C(F)(F)C(F)(F)F,463.6599527,110.8157
[O-]C(CCC(F)(C(C(F)(C(C(C(F)(F)F)(F)F)(F)F)F)(F)F)F)=O,[C](F)(C(F)(F)CCC(=O)[O-])C(F)(F)C(F)(F)C(F)(F)C(F)(F)F,455.9487233,108.9727
[O-]C(CCC(F)(C(C(F)(C(C(C(F)(F)F)(F)F)(F)F)F)(F)F)F)=O,[C](F)(C(F)(F)C(F)(F)CCC(=O)[O-])C(F)(F)C(F)(F)C(F)(F)F,446.4860447,106.7111
[O-]C(CCC(F)(C(C(F)(C(C(C(F)(F)F)(F)F)(F)F)F)(F)F)F)=O,[C](F)(C(F)(F)C(F)(F)F)C(F)(F)C(F)(F)C(F)(F)CCC(=O)[O-],447.6571641,106.991
[O-]C(CCC(F)(C(C(F)(C(C(C(F)(F)F)(F)F)(F)F)F)(F)F)F)=O,[C](F)(C(F)(F)F)C(F)(F)C(F)(F)C(F)(F)C(F)(F)CCC(=O)[O-],453.4202935,108.3684
[O-]C(CCC(F)(C(C(F)(C(C(C(F)(F)F)(F)F)(F)F)F)(F)F)F)=O,[C](F)(F)C(F)(F)C(F)(F)C(F)(F)C(F)(F)C(F)(F)CCC(=O)[O-],496.0538111,118.5579
[O-]C(C(C(F)(C(C(F)(C(C(F)(C(C([O-])=O)(F)F)F)(F)F)F)(F)F)F)(F)F)=O,[C](F)(C(=O)[O-])C(F)(F)C(F)(F)C(F)(F)C(F)(F)C(F)(F)C(F)(F)C(=O)[O-],449.2927147,107.3819
[O-]C(C(C(F)(C(C(F)(C(C(F)(C(C([O-])=O)(F)F)F)(F)F)F)(F)F)F)(F)F)=O,[C](F)(C(F)(F)C(=O)[O-])C(F)(F)C(F)(F)C(F)(F)C(F)(F)C(F)(F)C(=O)[O-],453.1604632,108.3063
[O-]C(C(C(F)(C(C(F)(C(C(F)(C(C([O-])=O)(F)F)F)(F)F)F)(F)F)F)(F)F)=O,[C](F)(C(F)(F)C(F)(F)C(=O)[O-])C(F)(F)C(F)(F)C(F)(F)C(F)(F)C(=O)[O-],449.7391543,107.4886
[O-]C(C(C(F)(C(C(F)(C(C(F)(C(C([O-])=O)(F)F)F)(F)F)F)(F)F)F)(F)F)=O,[C](F)(C(F)(F)C(F)(F)C(F)(F)C(=O)[O-])C(F)(F)C(F)(F)C(F)(F)C(=O)[O-],448.9542239,107.301
OCC(F)(C(F)(C(F)(C(F)(C(F)(C(F)(C(CO)(F)F)F)F)F)F)F)F,OC[C](C(F)(C(F)(C(F)(C(F)(C(F)(C(CO)(F)F)F)F)F)F)F)F,464.0063932,110.8985
OCC(F)(C(F)(C(F)(C(F)(C(F)(C(F)(C(CO)(F)F)F)F)F)F)F)F,OCC(F)([C](C(F)(C(F)(C(F)(C(F)(C(CO)(F)F)F)F)F)F)F)F,454.6382745,108.6595
OCC(F)(C(F)(C(F)(C(F)(C(F)(C(F)(C(CO)(F)F)F)F)F)F)F)F,OCC(F)(C(F)([C](C(F)(C(F)(C(F)(C(CO)(F)F)F)F)F)F)F)F,448.9148937,107.2916
OCC(F)(C(F)(C(F)(C(F)(C(F)(C(F)(C(CO)(F)F)F)F)F)F)F)F,OCC(F)(C(F)(C(F)([C](C(F)(C(F)(C(CO)(F)F)F)F)F)F)F)F,446.2078045,106.6446
[O-]C(C(C(C(F)(C(C(F)(C(C(C(F)(F)F)(F)F)(F)F)F)(F)F)F)(F)F)(F)F)=O,[O-]C([C](C(C(F)(C(C(F)(C(C(C(F)(F)F)(F)F)(F)F)F)(F)F)F)(F)F)F)=O,449.116984,107.3399
[O-]C(C(C(C(F)(C(C(F)(C(C(C(F)(F)F)(F)F)(F)F)F)(F)F)F)(F)F)(F)F)=O,[O-]C(C([C](C(F)(C(C(F)(C(C(C(F)(F)F)(F)F)(F)F)F)(F)F)F)F)(F)F)=O,452.3332738,108.1086
[O-]C(C(C(C(F)(C(C(F)(C(C(C(F)(F)F)(F)F)(F)F)F)(F)F)F)(F)F)(F)F)=O,[O-]C(C(C([C](C(C(F)(C(C(C(F)(F)F)(F)F)(F)F)F)(F)F)F)(F)F)(F)F)=O,447.9328939,107.0569
[O-]C(C(C(C(F)(C(C(F)(C(C(C(F)(F)F)(F)F)(F)F)F)(F)F)F)(F)F)(F)F)=O,[O-]C(C(C(C(F)([C](C(F)(C(C(C(F)(F)F)(F)F)(F)F)F)F)F)(F)F)(F)F)=O,448.263435,107.1359
[O-]C(C(C(C(F)(C(C(F)(C(C(C(F)(F)F)(F)F)(F)F)F)(F)F)F)(F)F)(F)F)=O,[O-]C(C(C(C(F)(C([C](C(C(C(F)(F)F)(F)F)(F)F)F)(F)F)F)(F)F)(F)F)=O,446.7199339,106.767
[O-]C(C(C(C(F)(C(C(F)(C(C(C(F)(F)F)(F)F)(F)F)F)(F)F)F)(F)F)(F)F)=O,[O-]C(C(C(C(F)(C(C(F)([C](C(C(F)(F)F)(F)F)F)F)(F)F)F)(F)F)(F)F)=O,446.7747451,106.7801
[O-]C(C(C(C(F)(C(C(F)(C(C(C(F)(F)F)(F)F)(F)F)F)(F)F)F)(F)F)(F)F)=O,[O-]C(C(C(C(F)(C(C(F)(C([C](C(F)(F)F)F)(F)F)F)(F)F)F)(F)F)(F)F)=O,453.2286634,108.3226
[O-]C(C(C(C(F)(C(C(F)(C(C(C(F)(F)F)(F)F)(F)F)F)(F)F)F)(F)F)(F)F)=O,[O-]C(C(C(C(F)(C(C(F)(C(C([C](F)F)(F)F)(F)F)F)(F)F)F)(F)F)(F)F)=O,492.5986112,117.7321
NC(C(F)(C(F)(C(C(F)(C(C(C(C(C(F)(F)F)(F)F)(F)F)(F)F)(F)F)F)(F)F)F)F)=O,NC([C](C(F)(C(C(F)(C(C(C(C(C(F)(F)F)(F)F)(F)F)(F)F)(F)F)F)(F)F)F)F)=O,434.1828053,103.7706
NC(C(F)(C(F)(C(C(F)(C(C(C(C(C(F)(F)F)(F)F)(F)F)(F)F)(F)F)F)(F)F)F)F)=O,NC(C(F)([C](C(C(F)(C(C(C(C(C(F)(F)F)(F)F)(F)F)(F)F)(F)F)F)(F)F)F)F)=O,451.4249135,107.8915
NC(C(F)(C(F)(C(C(F)(C(C(C(C(C(F)(F)F)(F)F)(F)F)(F)F)(F)F)F)(F)F)F)F)=O,NC(C(F)(C(F)([C](C(F)(C(C(C(C(C(F)(F)F)(F)F)(F)F)(F)F)(F)F)F)F)F)F)=O,446.6015249,106.7387
NC(C(F)(C(F)(C(C(F)(C(C(C(C(C(F)(F)F)(F)F)(F)F)(F)F)(F)F)F)(F)F)F)F)=O,NC(C(F)(C(F)(C([C](C(C(C(C(C(F)(F)F)(F)F)(F)F)(F)F)(F)F)F)(F)F)F)F)=O,447.0479645,106.8454
NC(C(F)(C(F)(C(C(F)(C(C(C(C(C(F)(F)F)(F)F)(F)F)(F)F)(F)F)F)(F)F)F)F)=O,NC(C(F)(C(F)(C(C(F)([C](C(C(C(C(F)(F)F)(F)F)(F)F)(F)F)F)F)(F)F)F)F)=O,447.5441944,106.964
NC(C(F)(C(F)(C(C(F)(C(C(C(C(C(F)(F)F)(F)F)(F)F)(F)F)(F)F)F)(F)F)F)F)=O,NC(C(F)(C(F)(C(C(F)(C([C](C(C(C(F)(F)F)(F)F)(F)F)F)(F)F)F)(F)F)F)F)=O,446.6016671,106.738734
NC(C(F)(C(F)(C(C(F)(C(C(C(C(C(F)(F)F)(F)F)(F)F)(F)F)(F)F)F)(F)F)F)F)=O,NC(C(F)(C(F)(C(C(F)(C(C([C](C(C(F)(F)F)(F)F)F)(F)F)(F)F)F)(F)F)F)F)=O,447.5232741,106.959
NC(C(F)(C(F)(C(C(F)(C(C(C(C(C(F)(F)F)(F)F)(F)F)(F)F)(F)F)F)(F)F)F)F)=O,NC(C(F)(C(F)(C(C(F)(C(C(C([C](C(F)(F)F)F)(F)F)(F)F)(F)F)F)(F)F)F)F)=O,453.7981145,108.4587
NC(C(F)(C(F)(C(C(F)(C(C(C(C(C(F)(F)F)(F)F)(F)F)(F)F)(F)F)F)(F)F)F)F)=O,NC(C(F)(C(F)(C(C(F)(C(C(C(C([C](F)F)(F)F)(F)F)(F)F)(F)F)F)(F)F)F)F)=O,493.3048812,117.9009
[O-]C(C(OC(F)(C(OC(F)(C(OC(F)(F)F)(F)F)F)(F)F)F)(F)F)=O,[C](F)(OC(F)(F)C(F)(F)OC(F)(F)C(F)(F)OC(F)(F)F)C(=O)[O-],476.5485427,113.8961
[O-]C(C(OC(F)(C(OC(F)(C(OC(F)(F)F)(F)F)F)(F)F)F)(F)F)=O,[C](F)(OC(F)(F)C(=O)[O-])C(F)(F)OC(F)(F)C(F)(F)OC(F)(F)F,481.461052,115.0702
[O-]C(C(OC(F)(C(OC(F)(C(OC(F)(F)F)(F)F)F)(F)F)F)(F)F)=O,[C](F)(OC(F)(F)C(F)(F)OC(F)(F)F)C(F)(F)OC(F)(F)C(=O)[O-],476.9870326,114.0009
[O-]C(C(OC(F)(C(OC(F)(C(OC(F)(F)F)(F)F)F)(F)F)F)(F)F)=O,[C](F)(OC(F)(F)C(F)(F)OC(F)(F)C(=O)[O-])C(F)(F)OC(F)(F)F,476.4853633,113.881
[O-]C(C(OC(F)(C(OC(F)(C(OC(F)(F)F)(F)F)F)(F)F)F)(F)F)=O,[C](F)(OC(F)(F)F)C(F)(F)OC(F)(F)C(F)(F)OC(F)(F)C(=O)[O-],503.528641,120.3444
[O-]C(C(OC(F)(C(OC(F)(C(OC(F)(F)F)(F)F)F)(F)F)F)(F)F)=O,[C](F)(F)OC(F)(F)C(F)(F)OC(F)(F)C(F)(F)OC(F)(F)C(=O)[O-],464.4369334,111.0014
[O-]C(C(OC(C(OC(F)(C(F)(C(F)(C(F)(F)F)F)F)F)(F)F)(F)F)(F)F)=O,[C](F)(OC(F)(F)C(F)(F)OC(F)(F)C(F)(F)C(F)(F)C(F)(F)F)C(=O)[O-],469.3624132,112.1786
[O-]C(C(OC(C(OC(F)(C(F)(C(F)(C(F)(F)F)F)F)F)(F)F)(F)F)(F)F)=O,[C](F)(OC(F)(F)C(=O)[O-])C(F)(F)OC(F)(F)C(F)(F)C(F)(F)C(F)(F)F,480.0037425,114.7219
[O-]C(C(OC(C(OC(F)(C(F)(C(F)(C(F)(F)F)F)F)F)(F)F)(F)F)(F)F)=O,[C](F)(OC(F)(F)C(F)(F)C(F)(F)C(F)(F)F)C(F)(F)OC(F)(F)C(=O)[O-],483.6007822,115.5816
[O-]C(C(OC(C(OC(F)(C(F)(C(F)(C(F)(F)F)F)F)F)(F)F)(F)F)(F)F)=O,[C](F)(OC(F)(F)C(F)(F)OC(F)(F)C(=O)[O-])C(F)(F)C(F)(F)C(F)(F)F,474.020113,113.2918
[O-]C(C(OC(C(OC(F)(C(F)(C(F)(C(F)(F)F)F)F)F)(F)F)(F)F)(F)F)=O,[C](F)(C(F)(F)OC(F)(F)C(F)(F)OC(F)(F)C(=O)[O-])C(F)(F)C(F)(F)F,455.956673,108.9746
[O-]C(C(OC(C(OC(F)(C(F)(C(F)(C(F)(F)F)F)F)F)(F)F)(F)F)(F)F)=O,[C](F)(C(F)(F)F)C(F)(F)C(F)(F)OC(F)(F)C(F)(F)OC(F)(F)C(=O)[O-],455.0901534,108.7675
[O-]C(C(OC(C(OC(F)(C(F)(C(F)(C(F)(F)F)F)F)F)(F)F)(F)F)(F)F)=O,[C](F)(F)C(F)(F)C(F)(F)C(F)(F)OC(F)(F)C(F)(F)OC(F)(F)C(=O)[O-],493.446721,117.9348
[O-]C(CCC(C(F)(C(C(F)(C(C(C(F)(F)F)(F)F)(F)F)F)(F)F)F)(F)F)=O,[C](F)(CCC(=O)[O-])C(F)(F)C(F)(F)C(F)(F)C(F)(F)C(F)(F)C(F)(F)F,463.4469839,110.7648
[O-]C(CCC(C(F)(C(C(F)(C(C(C(F)(F)F)(F)F)(F)F)F)(F)F)F)(F)F)=O,[C](F)(C(F)(F)CCC(=O)[O-])C(F)(F)C(F)(F)C(F)(F)C(F)(F)C(F)(F)F,455.2001943,108.7938
[O-]C(CCC(C(F)(C(C(F)(C(C(C(F)(F)F)(F)F)(F)F)F)(F)F)F)(F)F)=O,[C](F)(C(F)(F)C(F)(F)CCC(=O)[O-])C(F)(F)C(F)(F)C(F)(F)C(F)(F)F,448.4948137,107.1912
[O-]C(CCC(C(F)(C(C(F)(C(C(C(F)(F)F)(F)F)(F)F)F)(F)F)F)(F)F)=O,[C](F)(C(F)(F)C(F)(F)C(F)(F)F)C(F)(F)C(F)(F)C(F)(F)CCC(=O)[O-],446.7985943,106.7858
[O-]C(CCC(C(F)(C(C(F)(C(C(C(F)(F)F)(F)F)(F)F)F)(F)F)F)(F)F)=O,[C](F)(C(F)(F)C(F)(F)F)C(F)(F)C(F)(F)C(F)(F)C(F)(F)CCC(=O)[O-],447.0927339,106.8561
[O-]C(CCC(C(F)(C(C(F)(C(C(C(F)(F)F)(F)F)(F)F)F)(F)F)F)(F)F)=O,[C](F)(C(F)(F)F)C(F)(F)C(F)(F)C(F)(F)C(F)(F)C(F)(F)CCC(=O)[O-],452.5721838,108.1657
[O-]C(CCC(C(F)(C(C(F)(C(C(C(F)(F)F)(F)F)(F)F)F)(F)F)F)(F)F)=O,[C](F)(F)C(F)(F)C(F)(F)C(F)(F)C(F)(F)C(F)(F)C(F)(F)CCC(=O)[O-],492.7350117,117.7647
OCCC(C(C(C(C(C(C(C(F)(F)F)(F)F)(F)F)(F)F)(F)F)(F)F)(F)F,OCCC[C](C(C(C(C(C(C(F)(F)F)(F)F)(F)F)(F)F)(F)F)(F)F)F,463.4917534,110.7755
OCCC(C(C(C(C(C(C(C(F)(F)F)(F)F)(F)F)(F)F)(F)F)(F)F)(F)F,OCCCC([C](C(C(C(C(C(F)(F)F)(F)F)(F)F)(F)F)(F)F)F)(F)F,462.8607966,110.6247
OCCC(C(C(C(C(C(C(C(F)(F)F)(F)F)(F)F)(F)F)(F)F)(F)F)(F)F,OCCCC(C([C](C(C(C(C(F)(F)F)(F)F)(F)F)(F)F)F)(F)F)(F)F,448.0140648,107.0763
OCCC(C(C(C(C(C(C(C(F)(F)F)(F)F)(F)F)(F)F)(F)F)(F)F)(F)F,OCCCC(C(C([C](C(C(C(F)(F)F)(F)F)(F)F)F)(F)F)(F)F)(F)F,446.3575939,106.6804
OCCC(C(C(C(C(C(C(C(F)(F)F)(F)F)(F)F)(F)F)(F)F)(F)F)(F)F,OCCCC(C(C(C([C](C(C(F)(F)F)(F)F)F)(F)F)(F)F)(F)F)(F)F,446.5621947,106.7293
OCCC(C(C(C(C(C(C(C(F)(F)F)(F)F)(F)F)(F)F)(F)F)(F)F)(F)F,OCCCC(C(C(C(C([C](C(F)(F)F)F)(F)F)(F)F)(F)F)(F)F)(F)F,453.2834747,108.3357
OCCC(C(C(C(C(C(C(C(F)(F)F)(F)F)(F)F)(F)F)(F)F)(F)F)(F)F,OCCCC(C(C(C(C(C([C](F)F)(F)F)(F)F)(F)F)(F)F)(F)F)(F)F,495.8935614,118.5196
OCCC(C(C(C(C(C(C(C(F)(F)F)(F)F)(F)F)(F)F)(F)F)(F)F)(F)F)(F)F,OCC[C](C(C(C(C(C(C(C(F)(F)F)(F)F)(F)F)(F)F)(F)F)(F)F)(F)F)F,462.8850641,110.6305
OCCC(C(C(C(C(C(C(C(F)(F)F)(F)F)(F)F)(F)F)(F)F)(F)F)(F)F)(F)F,OCCC([C](C(C(C(C(C(C(F)(F)F)(F)F)(F)F)(F)F)(F)F)(F)F)F)(F)F,455.1504039,108.7819
OCCC(C(C(C(C(C(C(C(F)(F)F)(F)F)(F)F)(F)F)(F)F)(F)F)(F)F)(F)F,OCCC(C([C](C(C(C(C(C(F)(F)F)(F)F)(F)F)(F)F)(F)F)F)(F)F)(F)F,448.3345641,107.1529
OCCC(C(C(C(C(C(C(C(F)(F)F)(F)F)(F)F)(F)F)(F)F)(F)F)(F)F)(F)F,OCCC(C(C([C](C(C(C(C(F)(F)F)(F)F)(F)F)(F)F)F)(F)F)(F)F)(F)F,447.226624,106.8881
OCCC(C(C(C(C(C(C(C(F)(F)F)(F)F)(F)F)(F)F)(F)F)(F)F)(F)F)(F)F,OCCC(C(C(C([C](C(C(C(F)(F)F)(F)F)(F)F)F)(F)F)(F)F)(F)F)(F)F,445.771825,106.5404
OCCC(C(C(C(C(C(C(C(F)(F)F)(F)F)(F)F)(F)F)(F)F)(F)F)(F)F)(F)F,OCCC(C(C(C(C([C](C(C(F)(F)F)(F)F)F)(F)F)(F)F)(F)F)(F)F)(F)F,446.5517345,106.7268
OCCC(C(C(C(C(C(C(C(F)(F)F)(F)F)(F)F)(F)F)(F)F)(F)F)(F)F)(F)F,OCCC(C(C(C(C(C([C](C(F)(F)F)F)(F)F)(F)F)(F)F)(F)F)(F)F)(F)F,452.8868254,108.2409
OCCC(C(C(C(C(C(C(C(F)(F)F)(F)F)(F)F)(F)F)(F)F)(F)F)(F)F)(F)F,OCCC(C(C(C(C(C(C([C](F)F)(F)F)(F)F)(F)F)(F)F)(F)F)(F)F)(F)F,495.7990016,118.497
OCC(C(C(C(C(C(C(C(C(F)(F)F)(F)F)(F)F)(F)F)(F)F)(F)F)(F)F)(F)F)(F)F,OC[C](C(C(C(C(C(C(C(C(F)(F)F)(F)F)(F)F)(F)F)(F)F)(F)F)(F)F)(F)F)F,462.3156131,110.4944
OCC(C(C(C(C(C(C(C(C(F)(F)F)(F)F)(F)F)(F)F)(F)F)(F)F)(F)F)(F)F)(F)F,OCC([C](C(C(C(C(C(C(C(F)(F)F)(F)F)(F)F)(F)F)(F)F)(F)F)(F)F)F)(F)F,455.565463,108.8811
OCC(C(C(C(C(C(C(C(C(F)(F)F)(F)F)(F)F)(F)F)(F)F)(F)F)(F)F)(F)F)(F)F,OCC(F)(C([C](C(C(C(C(C(C(F)(F)F)(F)F)(F)F)(F)F)(F)F)(F)F)F)(F)F)F,452.3307633,108.108
OCC(C(C(C(C(C(C(C(C(F)(F)F)(F)F)(F)F)(F)F)(F)F)(F)F)(F)F)(F)F)(F)F,OCC(F)(C(F)(C([C](C(C(C(C(C(F)(F)F)(F)F)(F)F)(F)F)(F)F)F)(F)F)F)F,446.8563343,106.7996
OCC(C(C(C(C(C(C(C(C(F)(F)F)(F)F)(F)F)(F)F)(F)F)(F)F)(F)F)(F)F)(F)F,OCC(F)(C(F)(C(C(F)([C](C(C(C(C(F)(F)F)(F)F)(F)F)(F)F)F)F)(F)F)F)F,451.4194743,107.8902
OCC(C(C(C(C(C(C(C(C(F)(F)F)(F)F)(F)F)(F)F)(F)F)(F)F)(F)F)(F)F)(F)F,OCC(F)(C(F)(C(C(F)(C([C](C(C(C(F)(F)F)(F)F)(F)F)F)(F)F)F)(F)F)F)F,448.8358149,107.2727
OCC(C(C(C(C(C(C(C(C(F)(F)F)(F)F)(F)F)(F)F)(F)F)(F)F)(F)F)(F)F)(F)F,OCC(F)(C(F)(C(C(F)(C(C([C](C(C(F)(F)F)(F)F)F)(F)F)(F)F)F)(F)F)F)F,447.1031941,106.8586
OCC(C(C(C(C(C(C(C(C(F)(F)F)(F)F)(F)F)(F)F)(F)F)(F)F)(F)F)(F)F)(F)F,OCC(F)(C(F)(C(C(F)(C(C(C([C](C(F)(F)F)F)(F)F)(F)F)(F)F)F)(F)F)F)F,453.2654832,108.3314
OCC(C(C(C(C(C(C(C(C(F)(F)F)(F)F)(F)F)(F)F)(F)F)(F)F)(F)F)(F)F)(F)F,OCC(F)(C(F)(C(C(F)(C(C(C(C([C](F)F)(F)F)(F)F)(F)F)(F)F)F)(F)F)F)F,491.6429711,117.5037
OCCC(F)(C(C(F)(C(C(C(C(C(F)(F)F)(C(F)(F)F)F)(F)F)(F)F)(F)F)F)(F)F)F,[C](F)(CCO)C(F)(F)C(F)(F)C(F)(F)C(F)(F)C(F)(F)C(F)(C(F)(F)F)C(F)(F)F,467.1624325,111.6528
OCCC(F)(C(C(F)(C(C(C(C(C(F)(F)F)(C(F)(F)F)F)(F)F)(F)F)(F)F)F)(F)F)F,[C](F)(C(F)(F)CCO)C(F)(F)C(F)(F)C(F)(F)C(F)(F)C(F)(C(F)(F)F)C(F)(F)F,454.2579431,108.5686
OCCC(F)(C(C(F)(C(C(C(C(C(F)(F)F)(C(F)(F)F)F)(F)F)(F)F)(F)F)F)(F)F)F,[C](F)(C(F)(F)C(F)(F)CCO)C(F)(F)C(F)(F)C(F)(F)C(F)(C(F)(F)F)C(F)(F)F,451.8345334,107.9894
OCCC(F)(C(C(F)(C(C(C(C(C(F)(F)F)(C(F)(F)F)F)(F)F)(F)F)(F)F)F)(F)F)F,[C](F)(C(F)(F)C(F)(F)C(F)(F)CCO)C(F)(F)C(F)(F)C(F)(C(F)(F)F)C(F)(F)F,445.8509038,106.5593
OCCC(F)(C(C(F)(C(C(C(C(C(F)(F)F)(C(F)(F)F)F)(F)F)(F)F)(F)F)F)(F)F)F,[C](F)(C(F)(F)C(F)(F)C(F)(F)C(F)(F)CCO)C(F)(F)C(F)(C(F)(F)F)C(F)(F)F,443.7843947,106.0654
OCCC(F)(C(C(F)(C(C(C(C(C(F)(F)F)(C(F)(F)F)F)(F)F)(F)F)(F)F)F)(F)F)F,[C](F)(C(F)(F)C(F)(F)C(F)(F)C(F)(F)C(F)(F)CCO)C(F)(C(F)(F)F)C(F)(F)F,433.2087552,103.5378
OCCC(F)(C(C(F)(C(C(C(C(C(F)(F)F)(C(F)(F)F)F)(F)F)(F)F)(F)F)F)(F)F)F,[C](C(F)(F)F)(C(F)(F)F)C(F)(F)C(F)(F)C(F)(F)C(F)(F)C(F)(F)C(F)(F)CCO,406.753757,97.215
OCCC(F)(C(C(F)(C(C(C(C(C(F)(F)F)(C(F)(F)F)F)(F)F)(F)F)(F)F)F)(F)F)F,[C](F)(F)C(F)(C(F)(F)F)C(F)(F)C(F)(F)C(F)(F)C(F)(F)C(F)(F)C(F)(F)CCO,485.5618528,116.0503
OCCC(F)(C(C(F)(C(C(C(C(C(F)(F)F)(C(F)(F)F)F)(F)F)(F)F)(F)F)F)(F)F)F,[C](F)(F)C(F)(C(F)(F)F)C(F)(F)C(F)(F)C(F)(F)C(F)(F)C(F)(F)C(F)(F)CCO,485.4070425,116.0133
[O-]C(C(C(C(F)(C(C(F)(C(C(F)(C(C([O-])=O)(F)F)F)(F)F)F)(F)F)F)(F)F)(F)F)=O,[C](F)(C(=O)[O-])C(F)(F)C(F)(F)C(F)(F)C(F)(F)C(F)(F)C(F)(F)C(F)(F)C(=O)[O-],449.0144744,107.3154
[O-]C(C(C(C(F)(C(C(F)(C(C(F)(C(C([O-])=O)(F)F)F)(F)F)F)(F)F)F)(F)F)(F)F)=O,[C](F)(C(F)(F)C(=O)[O-])C(F)(F)C(F)(F)C(F)(F)C(F)(F)C(F)(F)C(F)(F)C(=O)[O-],454.0449743,108.5177
[O-]C(C(C(C(F)(C(C(F)(C(C(F)(C(C([O-])=O)(F)F)F)(F)F)F)(F)F)F)(F)F)(F)F)=O,[C](F)(C(F)(F)C(F)(F)C(=O)[O-])C(F)(F)C(F)(F)C(F)(F)C(F)(F)C(F)(F)C(=O)[O-],449.3872745,107.4045
[O-]C(C(C(C(F)(C(C(F)(C(C(F)(C(C([O-])=O)(F)F)F)(F)F)F)(F)F)F)(F)F)(F)F)=O,[C](F)(C(F)(F)C(F)(F)C(F)(F)C(=O)[O-])C(F)(F)C(F)(F)C(F)(F)C(F)(F)C(=O)[O-],448.7387446,107.2495
OCC(F)(C(F)(C(F)(C(F)(C(F)(C(F)(C(F)(C(CO)(F)F)F)F)F)F)F)F)F,OC[C](C(F)(C(F)(C(F)(C(F)(C(F)(C(F)(C(CO)(F)F)F)F)F)F)F)F)F,465.1666341,111.1758
OCC(F)(C(F)(C(F)(C(F)(C(F)(C(F)(C(F)(C(CO)(F)F)F)F)F)F)F)F)F,OCC(F)([C](C(F)(C(F)(C(F)(C(F)(C(F)(C(CO)(F)F)F)F)F)F)F)F)F,454.9822045,108.7417
OCC(F)(C(F)(C(F)(C(F)(C(F)(C(F)(C(F)(C(CO)(F)F)F)F)F)F)F)F)F,OCC(F)(C(F)([C](C(F)(C(F)(C(F)(C(F)(C(CO)(F)F)F)F)F)F)F)F)F,453.9085738,108.4851
OCC(F)(C(F)(C(F)(C(F)(C(F)(C(F)(C(F)(C(CO)(F)F)F)F)F)F)F)F)F,OCC(F)(C(F)(C(F)([C](C(F)(C(F)(C(F)(C(CO)(F)F)F)F)F)F)F)F)F,447.045454,106.8448
[O-]C(C(C(F)(C(C(F)(C(C(F)(C(C(C(F)(F)F)(F)F)(F)F)F)(F)F)F)(F)F)F)(F)F)=O,[C](F)(C(=O)[O-])C(F)(F)C(F)(F)C(F)(F)C(F)(F)C(F)(F)C(F)(F)C(F)(F)C(F)(F)F,449.0094535,107.3142
[O-]C(C(C(F)(C(C(F)(C(C(F)(C(C(C(F)(F)F)(F)F)(F)F)F)(F)F)F)(F)F)F)(F)F)=O,[C](F)(C(F)(F)C(=O)[O-])C(F)(F)C(F)(F)C(F)(F)C(F)(F)C(F)(F)C(F)(F)C(F)(F)F,451.9998039,108.0289
[O-]C(C(C(F)(C(C(F)(C(C(F)(C(C(C(F)(F)F)(F)F)(F)F)F)(F)F)F)(F)F)F)(F)F)=O,[C](F)(C(F)(F)C(F)(F)C(=O)[O-])C(F)(F)C(F)(F)C(F)(F)C(F)(F)C(F)(F)C(F)(F)F,448.7994135,107.264
[O-]C(C(C(F)(C(C(F)(C(C(F)(C(C(C(F)(F)F)(F)F)(F)F)F)(F)F)F)(F)F)F)(F)F)=O,[C](F)(C(F)(F)C(F)(F)C(F)(F)C(=O)[O-])C(F)(F)C(F)(F)C(F)(F)C(F)(F)C(F)(F)F,447.9328939,107.0569
[O-]C(C(C(F)(C(C(F)(C(C(F)(C(C(C(F)(F)F)(F)F)(F)F)F)(F)F)F)(F)F)F)(F)F)=O,[C](F)(C(F)(F)C(F)(F)C(F)(F)C(F)(F)F)C(F)(F)C(F)(F)C(F)(F)C(F)(F)C(=O)[O-],447.1554949,106.8711
[O-]C(C(C(F)(C(C(F)(C(C(F)(C(C(C(F)(F)F)(F)F)(F)F)F)(F)F)F)(F)F)F)(F)F)=O,[C](F)(C(F)(F)C(F)(F)C(F)(F)F)C(F)(F)C(F)(F)C(F)(F)C(F)(F)C(F)(F)C(=O)[O-],446.0291449,106.6019
[O-]C(C(C(F)(C(C(F)(C(C(F)(C(C(C(F)(F)F)(F)F)(F)F)F)(F)F)F)(F)F)F)(F)F)=O,[C](F)(C(F)(F)C(F)(F)F)C(F)(F)C(F)(F)C(F)(F)C(F)(F)C(F)(F)C(F)(F)C(=O)[O-],446.5990144,106.7381
[O-]C(C(C(F)(C(C(F)(C(C(F)(C(C(C(F)(F)F)(F)F)(F)F)F)(F)F)F)(F)F)F)(F)F)=O,[C](F)(C(F)(F)F)C(F)(F)C(F)(F)C(F)(F)C(F)(F)C(F)(F)C(F)(F)C(F)(F)C(=O)[O-],453.2182033,108.3201
[O-]C(C(C(F)(C(C(F)(C(C(F)(C(C(C(F)(F)F)(F)F)(F)F)F)(F)F)F)(F)F)F)(F)F)=O,[C](F)(F)C(F)(F)C(F)(F)C(F)(F)C(F)(F)C(F)(F)C(F)(F)C(F)(F)C(F)(F)C(=O)[O-],495.7203412,118.4782
[O-]C(CCC(F)(C(C(F)(C(C(F)(C(C(C(F)(F)F)(F)F)(F)F)F)(F)F)F)(F)F)F)=O,[C](F)(CCC(=O)[O-])C(F)(F)C(F)(F)C(F)(F)C(F)(F)C(F)(F)C(F)(F)C(F)(F)F,463.2633035,110.7209
[O-]C(CCC(F)(C(C(F)(C(C(F)(C(C(C(F)(F)F)(F)F)(F)F)F)(F)F)F)(F)F)F)=O,[C](F)(C(F)(F)CCC(=O)[O-])C(F)(F)C(F)(F)C(F)(F)C(F)(F)C(F)(F)C(F)(F)F,455.8541634,108.9501
[O-]C(CCC(F)(C(C(F)(C(C(F)(C(C(C(F)(F)F)(F)F)(F)F)F)(F)F)F)(F)F)F)=O,[C](F)(C(F)(F)C(F)(F)CCC(=O)[O-])C(F)(F)C(F)(F)C(F)(F)C(F)(F)C(F)(F)F,448.1613438,107.1115
[O-]C(CCC(F)(C(C(F)(C(C(F)(C(C(C(F)(F)F)(F)F)(F)F)F)(F)F)F)(F)F)F)=O,[C](F)(C(F)(F)C(F)(F)C(F)(F)CCC(=O)[O-])C(F)(F)C(F)(F)C(F)(F)C(F)(F)F,447.2529836,106.8944
[O-]C(CCC(F)(C(C(F)(C(C(F)(C(C(C(F)(F)F)(F)F)(F)F)F)(F)F)F)(F)F)F)=O,[C](F)(C(F)(F)C(F)(F)C(F)(F)F)C(F)(F)C(F)(F)C(F)(F)C(F)(F)CCC(=O)[O-],445.2810343,106.4231
[O-]C(CCC(F)(C(C(F)(C(C(F)(C(C(C(F)(F)F)(F)F)(F)F)F)(F)F)F)(F)F)F)=O,[C](F)(C(F)(F)C(F)(F)F)C(F)(F)C(F)(F)C(F)(F)C(F)(F)C(F)(F)CCC(=O)[O-],446.7801844,106.7814
[O-]C(CCC(F)(C(C(F)(C(C(F)(C(C(C(F)(F)F)(F)F)(F)F)F)(F)F)F)(F)F)F)=O,[C](F)(C(F)(F)F)C(F)(F)C(F)(F)C(F)(F)C(F)(F)C(F)(F)C(F)(F)CCC(=O)[O-],452.2387139,108.086
[O-]C(CCC(F)(C(C(F)(C(C(F)(C(C(C(F)(F)F)(F)F)(F)F)F)(F)F)F)(F)F)F)=O,[C](F)(F)C(F)(F)C(F)(F)C(F)(F)C(F)(F)C(F)(F)C(F)(F)C(F)(F)CCC(=O)[O-],496.0144809,118.5485
[O-]C(C(C(C(F)(C(C(F)(C(C(F)(C(C(C(F)(F)F)(F)F)(F)F)F)(F)F)F)(F)F)F)(F)F)(F)F)=O,[C](F)(C(=O)[O-])C(F)(F)C(F)(F)C(F)(F)C(F)(F)C(F)(F)C(F)(F)C(F)(F)C(F)(F)C(F)(F)F,449.0169849,107.316
[O-]C(C(C(C(F)(C(C(F)(C(C(F)(C(C(C(F)(F)F)(F)F)(F)F)F)(F)F)F)(F)F)F)(F)F)(F)F)=O,[C](F)(C(F)(F)C(=O)[O-])C(F)(F)C(F)(F)C(F)(F)C(F)(F)C(F)(F)C(F)(F)C(F)(F)C(F)(F)F,463.7938428,110.8477
[O-]C(C(C(C(F)(C(C(F)(C(C(F)(C(C(C(F)(F)F)(F)F)(F)F)F)(F)F)F)(F)F)F)(F)F)(F)F)=O,[C](F)(C(F)(F)C(F)(F)C(=O)[O-])C(F)(F)C(F)(F)C(F)(F)C(F)(F)C(F)(F)C(F)(F)C(F)(F)F,448.7416735,107.2502
[O-]C(C(C(C(F)(C(C(F)(C(C(F)(C(C(C(F)(F)F)(F)F)(F)F)F)(F)F)F)(F)F)F)(F)F)(F)F)=O,[C](F)(C(F)(F)C(F)(F)C(F)(F)C(=O)[O-])C(F)(F)C(F)(F)C(F)(F)C(F)(F)C(F)(F)C(F)(F)F,447.7149042,107.0048
[O-]C(C(C(C(F)(C(C(F)(C(C(F)(C(C(C(F)(F)F)(F)F)(F)F)F)(F)F)F)(F)F)F)(F)F)(F)F)=O,[C](F)(C(F)(F)C(F)(F)C(F)(F)C(F)(F)C(=O)[O-])C(F)(F)C(F)(F)C(F)(F)C(F)(F)C(F)(F)F,447.1634446,106.873
[O-]C(C(C(C(F)(C(C(F)(C(C(F)(C(C(C(F)(F)F)(F)F)(F)F)F)(F)F)F)(F)F)F)(F)F)(F)F)=O,[C](F)(C(F)(F)C(F)(F)C(F)(F)C(F)(F)F)C(F)(F)C(F)(F)C(F)(F)C(F)(F)C(F)(F)C(=O)[O-],446.8144937,106.7896
[O-]C(C(C(C(F)(C(C(F)(C(C(F)(C(C(C(F)(F)F)(F)F)(F)F)F)(F)F)F)(F)F)F)(F)F)(F)F)=O,[C](F)(C(F)(F)C(F)(F)C(F)(F)F)C(F)(F)C(F)(F)C(F)(F)C(F)(F)C(F)(F)C(F)(F)C(=O)[O-],446.1814449,106.6383
[O-]C(C(C(C(F)(C(C(F)(C(C(F)(C(C(C(F)(F)F)(F)F)(F)F)F)(F)F)F)(F)F)F)(F)F)(F)F)=O,[C](F)(C(F)(F)C(F)(F)F)C(F)(F)C(F)(F)C(F)(F)C(F)(F)C(F)(F)C(F)(F)C(F)(F)C(=O)[O-],446.8617736,106.8009
[O-]C(C(C(C(F)(C(C(F)(C(C(F)(C(C(C(F)(F)F)(F)F)(F)F)F)(F)F)F)(F)F)F)(F)F)(F)F)=O,[C](F)(C(F)(F)F)C(F)(F)C(F)(F)C(F)(F)C(F)(F)C(F)(F)C(F)(F)C(F)(F)C(F)(F)C(=O)[O-],452.1391332,108.0622
[O-]C(C(C(C(F)(C(C(F)(C(C(F)(C(C(C(F)(F)F)(F)F)(F)F)F)(F)F)F)(F)F)F)(F)F)(F)F)=O,[C](F)(F)C(F)(F)C(F)(F)C(F)(F)C(F)(F)C(F)(F)C(F)(F)C(F)(F)C(F)(F)C(F)(F)C(=O)[O-],496.8780716,118.7549
O=C([O-])C(OC(C(OC(C(OC(F)(C(C(F)(F)F)(F)F)F)(C(F)(F)F)F)(F)F)(C(F)(F)F)F)(F)F)(C(F)(F)F)F,[C](OC(F)(F)C(F)(OC(F)(F)C(F)(OC(F)(F)C(F)(F)C(F)(F)F)C(F)(F)F)C(F)(F)F)(C(=O)[O-])C(F)(F)F,435.1070649,103.9915
O=C([O-])C(OC(C(OC(C(OC(F)(C(C(F)(F)F)(F)F)F)(C(F)(F)F)F)(F)F)(C(F)(F)F)F)(F)F)(C(F)(F)F)F,[C](F)(F)C(F)(OC(F)(F)C(F)(OC(F)(F)C(F)(OC(F)(F)C(F)(F)C(F)(F)F)C(F)(F)F)C(F)(F)F)C(=O)[O-],492.5195324,117.7132
O=C([O-])C(OC(C(OC(C(OC(F)(C(C(F)(F)F)(F)F)F)(C(F)(F)F)F)(F)F)(C(F)(F)F)F)(F)F)(C(F)(F)F)F,[C](F)(OC(F)(C(=O)[O-])C(F)(F)F)C(F)(OC(F)(F)C(F)(OC(F)(F)C(F)(F)C(F)(F)F)C(F)(F)F)C(F)(F)F,471.5812222,112.7089
O=C([O-])C(OC(C(OC(C(OC(F)(C(C(F)(F)F)(F)F)F)(C(F)(F)F)F)(F)F)(C(F)(F)F)F)(F)F)(C(F)(F)F)F,[C](OC(F)(F)C(F)(OC(F)(F)C(F)(F)C(F)(F)F)C(F)(F)F)(C(F)(F)F)C(F)(F)OC(F)(C(=O)[O-])C(F)(F)F,440.6785642,105.3231
O=C([O-])C(OC(C(OC(C(OC(F)(C(C(F)(F)F)(F)F)F)(C(F)(F)F)F)(F)F)(C(F)(F)F)F)(F)F)(C(F)(F)F)F,[C](F)(F)C(F)(OC(F)(F)C(F)(OC(F)(F)C(F)(F)C(F)(F)F)C(F)(F)F)C(F)(F)OC(F)(C(=O)[O-])C(F)(F)F,487.4656018,116.5053
O=C([O-])C(OC(C(OC(C(OC(F)(C(C(F)(F)F)(F)F)F)(C(F)(F)F)F)(F)F)(C(F)(F)F)F)(F)F)(C(F)(F)F)F,[C](F)(OC(F)(C(F)(F)F)C(F)(F)OC(F)(C(=O)[O-])C(F)(F)F)C(F)(OC(F)(F)C(F)(F)C(F)(F)F)C(F)(F)F,469.3912833,112.1855
O=C([O-])C(OC(C(OC(C(OC(F)(C(C(F)(F)F)(F)F)F)(C(F)(F)F)F)(F)F)(C(F)(F)F)F)(F)F)(C(F)(F)F)F,[C](OC(F)(F)C(F)(F)C(F)(F)F)(C(F)(F)F)C(F)(F)OC(F)(C(F)(F)F)C(F)(F)OC(F)(C(=O)[O-])C(F)(F)F,432.9464144,103.4751
O=C([O-])C(OC(C(OC(C(OC(F)(C(C(F)(F)F)(F)F)F)(C(F)(F)F)F)(F)F)(C(F)(F)F)F)(F)F)(C(F)(F)F)F,[C](F)(F)C(F)(OC(F)(F)C(F)(F)C(F)(F)F)C(F)(F)OC(F)(C(F)(F)F)C(F)(F)OC(F)(C(=O)[O-])C(F)(F)F,499.3094311,119.336
O=C([O-])C(OC(C(OC(C(OC(F)(C(C(F)(F)F)(F)F)F)(C(F)(F)F)F)(F)F)(C(F)(F)F)F)(F)F)(C(F)(F)F)F,[C](F)(OC(F)(C(F)(F)F)C(F)(F)OC(F)(C(F)(F)F)C(F)(F)OC(F)(C(=O)[O-])C(F)(F)F)C(F)(F)C(F)(F)F,474.1565135,113.3244
O=C([O-])C(OC(C(OC(C(OC(F)(C(C(F)(F)F)(F)F)F)(C(F)(F)F)F)(F)F)(C(F)(F)F)F)(F)F)(C(F)(F)F)F,[C](F)(C(F)(F)F)C(F)(F)OC(F)(C(F)(F)F)C(F)(F)OC(F)(C(F)(F)F)C(F)(F)OC(F)(C(=O)[O-])C(F)(F)F,459.8633333,109.9083
O=C([O-])C(OC(C(OC(C(OC(F)(C(C(F)(F)F)(F)F)F)(C(F)(F)F)F)(F)F)(C(F)(F)F)F)(F)F)(C(F)(F)F)F,[C](F)(F)C(F)(F)C(F)(F)OC(F)(C(F)(F)F)C(F)(F)OC(F)(C(F)(F)F)C(F)(F)OC(F)(C(=O)[O-])C(F)(F)F,496.5052716,118.6658
[O-]C(C(C(C(F)(C(C(F)(C(C(F)(C(C(F)(C(C([O-])=O)(F)F)F)(F)F)F)(F)F)F)(F)F)F)(F)F)(F)F)=O,[C](F)(C(=O)[O-])C(F)(F)C(F)(F)C(F)(F)C(F)(F)C(F)(F)C(F)(F)C(F)(F)C(F)(F)C(F)(F)C(=O)[O-],448.7282845,107.247
[O-]C(C(C(C(F)(C(C(F)(C(C(F)(C(C(F)(C(C([O-])=O)(F)F)F)(F)F)F)(F)F)F)(F)F)F)(F)F)(F)F)=O,[C](F)(C(F)(F)C(=O)[O-])C(F)(F)C(F)(F)C(F)(F)C(F)(F)C(F)(F)C(F)(F)C(F)(F)C(F)(F)C(=O)[O-],451.141234,107.8237
[O-]C(C(C(C(F)(C(C(F)(C(C(F)(C(C(F)(C(C([O-])=O)(F)F)F)(F)F)F)(F)F)F)(F)F)F)(F)F)(F)F)=O,[C](F)(C(F)(F)C(F)(F)C(=O)[O-])C(F)(F)C(F)(F)C(F)(F)C(F)(F)C(F)(F)C(F)(F)C(F)(F)C(=O)[O-],448.9910437,107.3098
[O-]C(C(C(C(F)(C(C(F)(C(C(F)(C(C(F)(C(C([O-])=O)(F)F)F)(F)F)F)(F)F)F)(F)F)F)(F)F)(F)F)=O,[C](F)(C(F)(F)C(F)(F)C(F)(F)C(=O)[O-])C(F)(F)C(F)(F)C(F)(F)C(F)(F)C(F)(F)C(F)(F)C(=O)[O-],447.7910542,107.023
[O-]C(C(C(C(F)(C(C(F)(C(C(F)(C(C(F)(C(C([O-])=O)(F)F)F)(F)F)F)(F)F)F)(F)F)F)(F)F)(F)F)=O,[C](F)(C(F)(F)C(F)(F)C(F)(F)C(F)(F)C(=O)[O-])C(F)(F)C(F)(F)C(F)(F)C(F)(F)C(F)(F)C(=O)[O-],447.5755749,106.9715
OCC(F)(C(F)(C(F)(C(F)(C(F)(C(F)(C(F)(C(F)(C(CO)(F)F)F)F)F)F)F)F)F)F,OC[C](C(F)(C(F)(C(F)(C(F)(C(F)(C(F)(C(F)(C(CO)(F)F)F)F)F)F)F)F)F)F,462.0449041,110.4297
OCC(F)(C(F)(C(F)(C(F)(C(F)(C(F)(C(F)(C(F)(C(CO)(F)F)F)F)F)F)F)F)F)F,OCC(F)([C](C(F)(C(F)(C(F)(C(F)(C(F)(C(F)(C(CO)(F)F)F)F)F)F)F)F)F)F,453.5805432,108.4067
OCC(F)(C(F)(C(F)(C(F)(C(F)(C(F)(C(F)(C(F)(C(CO)(F)F)F)F)F)F)F)F)F)F,OCC(F)(C(F)([C](C(F)(C(F)(C(F)(C(F)(C(F)(C(CO)(F)F)F)F)F)F)F)F)F)F,447.3709742,106.9226
OCC(F)(C(F)(C(F)(C(F)(C(F)(C(F)(C(F)(C(F)(C(CO)(F)F)F)F)F)F)F)F)F)F,OCC(F)(C(F)(C(F)([C](C(F)(C(F)(C(F)(C(F)(C(CO)(F)F)F)F)F)F)F)F)F)F,447.7726443,107.0186
OCC(F)(C(F)(C(F)(C(F)(C(F)(C(F)(C(F)(C(F)(C(CO)(F)F)F)F)F)F)F)F)F)F,OCC(F)(C(F)(C(F)(C(F)([C](C(F)(C(F)(C(F)(C(CO)(F)F)F)F)F)F)F)F)F)F,447.1713943,106.8749
[O-]C(C(C(F)(C(C(F)(C(C(F)(C(C(F)(C(C(C(F)(F)F)(F)F)(F)F)F)(F)F)F)(F)F)F)(F)F)F)(F)F)=O,[C](F)(C(=O)[O-])C(F)(F)C(F)(F)C(F)(F)C(F)(F)C(F)(F)C(F)(F)C(F)(F)C(F)(F)C(F)(F)C(F)(F)F,448.906944,107.2897
[O-]C(C(C(F)(C(C(F)(C(C(F)(C(C(F)(C(C(C(F)(F)F)(F)F)(F)F)F)(F)F)F)(F)F)F)(F)F)F)(F)F)=O,[C](F)(C(F)(F)C(=O)[O-])C(F)(F)C(F)(F)C(F)(F)C(F)(F)C(F)(F)C(F)(F)C(F)(F)C(F)(F)C(F)(F)F,450.9207339,107.771
[O-]C(C(C(F)(C(C(F)(C(C(F)(C(C(F)(C(C(C(F)(F)F)(F)F)(F)F)F)(F)F)F)(F)F)F)(F)F)F)(F)F)=O,[C](F)(C(F)(F)C(F)(F)C(=O)[O-])C(F)(F)C(F)(F)C(F)(F)C(F)(F)C(F)(F)C(F)(F)C(F)(F)C(F)(F)F,448.7203347,107.2451
[O-]C(C(C(F)(C(C(F)(C(C(F)(C(C(F)(C(C(C(F)(F)F)(F)F)(F)F)F)(F)F)F)(F)F)F)(F)F)F)(F)F)=O,[C](F)(C(F)(F)C(F)(F)C(F)(F)C(=O)[O-])C(F)(F)C(F)(F)C(F)(F)C(F)(F)C(F)(F)C(F)(F)C(F)(F)F,447.2370841,106.8906
[O-]C(C(C(F)(C(C(F)(C(C(F)(C(C(F)(C(C(C(F)(F)F)(F)F)(F)F)F)(F)F)F)(F)F)F)(F)F)F)(F)F)=O,[C](F)(C(F)(F)C(F)(F)C(F)(F)C(F)(F)C(=O)[O-])C(F)(F)C(F)(F)C(F)(F)C(F)(F)C(F)(F)C(F)(F)F,446.6935743,106.7607
[O-]C(C(C(F)(C(C(F)(C(C(F)(C(C(F)(C(C(C(F)(F)F)(F)F)(F)F)F)(F)F)F)(F)F)F)(F)F)F)(F)F)=O,[C](F)(C(F)(F)C(F)(F)C(F)(F)C(F)(F)C(F)(F)F)C(F)(F)C(F)(F)C(F)(F)C(F)(F)C(F)(F)C(=O)[O-],446.5885543,106.7356
[O-]C(C(C(F)(C(C(F)(C(C(F)(C(C(F)(C(C(C(F)(F)F)(F)F)(F)F)F)(F)F)F)(F)F)F)(F)F)F)(F)F)=O,[C](F)(C(F)(F)C(F)(F)C(F)(F)C(F)(F)F)C(F)(F)C(F)(F)C(F)(F)C(F)(F)C(F)(F)C(F)(F)C(=O)[O-],446.5124043,106.7174
[O-]C(C(C(F)(C(C(F)(C(C(F)(C(C(F)(C(C(C(F)(F)F)(F)F)(F)F)F)(F)F)F)(F)F)F)(F)F)F)(F)F)=O,[C](F)(C(F)(F)C(F)(F)C(F)(F)F)C(F)(F)C(F)(F)C(F)(F)C(F)(F)C(F)(F)C(F)(F)C(F)(F)C(=O)[O-],446.0609438,106.6095
[O-]C(C(C(F)(C(C(F)(C(C(F)(C(C(F)(C(C(C(F)(F)F)(F)F)(F)F)F)(F)F)F)(F)F)F)(F)F)F)(F)F)=O,[C](F)(C(F)(F)C(F)(F)F)C(F)(F)C(F)(F)C(F)(F)C(F)(F)C(F)(F)C(F)(F)C(F)(F)C(F)(F)C(=O)[O-],446.8563343,106.7996
[O-]C(C(C(F)(C(C(F)(C(C(F)(C(C(F)(C(C(C(F)(F)F)(F)F)(F)F)F)(F)F)F)(F)F)F)(F)F)F)(F)F)=O,[C](F)(C(F)(F)F)C(F)(F)C(F)(F)C(F)(F)C(F)(F)C(F)(F)C(F)(F)C(F)(F)C(F)(F)C(F)(F)C(=O)[O-],452.0943637,108.0515
[O-]C(C(C(F)(C(C(F)(C(C(F)(C(C(F)(C(C(C(F)(F)F)(F)F)(F)F)F)(F)F)F)(F)F)F)(F)F)F)(F)F)=O,[C](F)(F)C(F)(F)C(F)(F)C(F)(F)C(F)(F)C(F)(F)C(F)(F)C(F)(F)C(F)(F)C(F)(F)C(F)(F)C(=O)[O-],492.2701622,117.6536
O=C([O-])C(OC(C(OC(C(OC(F)(C(F)(C(F)(C(F)(F)F)F)F)F)(F)F)(F)F)(F)F)(F)F)(F)F,[C](F)(OC(F)(F)C(F)(F)OC(F)(F)C(F)(F)OC(F)(F)C(F)(F)C(F)(F)C(F)(F)F)C(=O)[O-],467.3724725,111.703
O=C([O-])C(OC(C(OC(C(OC(F)(C(F)(C(F)(C(F)(F)F)F)F)F)(F)F)(F)F)(F)F)(F)F)(F)F,[C](F)(OC(F)(F)C(=O)[O-])C(F)(F)OC(F)(F)C(F)(F)OC(F)(F)C(F)(F)C(F)(F)C(F)(F)F,479.6807328,114.6447
O=C([O-])C(OC(C(OC(C(OC(F)(C(F)(C(F)(C(F)(F)F)F)F)F)(F)F)(F)F)(F)F)(F)F)(F)F,[C](F)(OC(F)(F)C(F)(F)OC(F)(F)C(F)(F)C(F)(F)C(F)(F)F)C(F)(F)OC(F)(F)C(=O)[O-],480.3292627,114.7997
O=C([O-])C(OC(C(OC(C(OC(F)(C(F)(C(F)(C(F)(F)F)F)F)F)(F)F)(F)F)(F)F)(F)F)(F)F,[C](F)(OC(F)(F)C(F)(F)OC(F)(F)C(=O)[O-])C(F)(F)OC(F)(F)C(F)(F)C(F)(F)C(F)(F)F,479.7623221,114.6642
O=C([O-])C(OC(C(OC(C(OC(F)(C(F)(C(F)(C(F)(F)F)F)F)F)(F)F)(F)F)(F)F)(F)F)(F)F,[C](F)(OC(F)(F)C(F)(F)C(F)(F)C(F)(F)F)C(F)(F)OC(F)(F)C(F)(F)OC(F)(F)C(=O)[O-],480.0798925,114.7401
O=C([O-])C(OC(C(OC(C(OC(F)(C(F)(C(F)(C(F)(F)F)F)F)F)(F)F)(F)F)(F)F)(F)F)(F)F,[C](F)(OC(F)(F)C(F)(F)OC(F)(F)C(F)(F)OC(F)(F)C(=O)[O-])C(F)(F)C(F)(F)C(F)(F)F,472.3925122,112.9028
O=C([O-])C(OC(C(OC(C(OC(F)(C(F)(C(F)(C(F)(F)F)F)F)F)(F)F)(F)F)(F)F)(F)F)(F)F,[C](F)(C(F)(F)OC(F)(F)C(F)(F)OC(F)(F)C(F)(F)OC(F)(F)C(=O)[O-])C(F)(F)C(F)(F)F,453.4307537,108.3709
O=C([O-])C(OC(C(OC(C(OC(F)(C(F)(C(F)(C(F)(F)F)F)F)F)(F)F)(F)F)(F)F)(F)F)(F)F,[C](F)(C(F)(F)F)C(F)(F)C(F)(F)OC(F)(F)C(F)(F)OC(F)(F)C(F)(F)OC(F)(F)C(=O)[O-],452.5772047,108.1669
O=C([O-])C(OC(C(OC(C(OC(F)(C(F)(C(F)(C(F)(F)F)F)F)F)(F)F)(F)F)(F)F)(F)F)(F)F,[C](F)(F)C(F)(F)C(F)(F)C(F)(F)OC(F)(F)C(F)(F)OC(F)(F)C(F)(F)OC(F)(F)C(=O)[O-],493.3965122,117.9228
NC(C(F)F)=O,NC([CH]F)=O,448.381844,107.1642
OCC(C(F)F)(F)F,OC[C](C(F)F)F,479.7384729,114.6585
OCC(C(F)F)(F)F,OCC([CH]F)(F)F,484.2543329,115.7378
OCC(C(C(F)F)(F)F)(F)F,OC[C](C(C(F)F)(F)F)F,463.6176937,110.8056
OCC(C(C(F)F)(F)F)(F)F,OCC([C](C(F)F)F)(F)F,454.9667235,108.738
OCC(C(C(F)F)(F)F)(F)F,OCC(C([CH]F)(F)F)(F)F,474.2669727,113.3508
OCC(C(C(C(F)F)(F)F)(F)F)(F)F,OC[C](C(C(C(F)F)(F)F)(F)F)F,463.5365229,110.7862
OCC(C(C(C(F)F)(F)F)(F)F)(F)F,OCC([C](C(C(F)F)(F)F)F)(F)F,453.5776143,108.406
OCC(C(C(C(F)F)(F)F)(F)F)(F)F,OCC(C([C](C(F)F)F)(F)F)(F)F,455.4495645,108.8534
OCC(C(C(C(F)F)(F)F)(F)F)(F)F,OCC(C(C([CH]F)(F)F)(F)F)(F)F,474.2853826,113.3552
OCC(C(C(C(C(F)F)(F)F)(F)F)(F)F)(F)F,OC[C](C(C(C(C(F)F)(F)F)(F)F)(F)F)F,465.3009425,111.2079
OCC(C(C(C(C(F)F)(F)F)(F)F)(F)F)(F)F,OCC([C](C(C(C(F)F)(F)F)(F)F)F)(F)F,453.8035538,108.46
OCC(C(C(C(C(F)F)(F)F)(F)F)(F)F)(F)F,OCC(C([C](C(C(F)F)(F)F)F)(F)F)(F)F,449.5634236,107.4466
OCC(C(C(C(C(F)F)(F)F)(F)F)(F)F)(F)F,OCC(C(C([C](C(F)F)F)(F)F)(F)F)(F)F,456.7047836,109.1534
OCC(C(C(C(C(F)F)(F)F)(F)F)(F)F)(F)F,OCC(C(C(C([CH]F)(F)F)(F)F)(F)F)(F)F,475.5849528,113.6658
OCC(C(C(C(C(C(F)F)(F)F)(F)F)(F)F)(F)F)(F)F,OC[C](C(C(C(C(C(F)F)(F)F)(F)F)(F)F)(F)F)F,464.869984,111.1049
OCC(C(C(C(C(C(F)F)(F)F)(F)F)(F)F)(F)F)(F)F,OCC([C](C(C(C(C(F)F)(F)F)(F)F)(F)F)F)(F)F,453.3048134,108.3408
OCC(C(C(C(C(C(F)F)(F)F)(F)F)(F)F)(F)F)(F)F,OCC(C([C](C(C(C(F)F)(F)F)(F)F)F)(F)F)(F)F,448.7651042,107.2558
OCC(C(C(C(C(C(F)F)(F)F)(F)F)(F)F)(F)F)(F)F,OCC(C(C([C](C(C(F)F)(F)F)F)(F)F)(F)F)(F)F,454.9642131,108.7374
OCC(C(C(C(C(C(F)F)(F)F)(F)F)(F)F)(F)F)(F)F,OCC(C(C(C([C](C(F)F)F)(F)F)(F)F)(F)F)(F)F,454.3550134,108.5918
OCC(C(C(C(C(C(F)F)(F)F)(F)F)(F)F)(F)F)(F)F,OCC(C(C(C(C([CH]F)(F)F)(F)F)(F)F)(F)F)(F)F,472.5418833,112.9385
OCC(C(C(C(C(C(C(F)F)(F)F)(F)F)(F)F)(F)F)(F)F)(F)F,OC[C](C(C(C(C(C(C(F)F)(F)F)(F)F)(F)F)(F)F)(F)F)F,459.9917841,109.939
OCC(C(C(C(C(C(C(F)F)(F)F)(F)F)(F)F)(F)F)(F)F)(F)F,OCC([C](C(C(C(C(C(F)F)(F)F)(F)F)(F)F)(F)F)F)(F)F,454.8144236,108.7016
OCC(C(C(C(C(C(C(F)F)(F)F)(F)F)(F)F)(F)F)(F)F)(F)F,OCC(C([C](C(C(C(C(F)F)(F)F)(F)F)(F)F)F)(F)F)(F)F,452.267584,108.0929
OCC(C(C(C(C(C(C(F)F)(F)F)(F)F)(F)F)(F)F)(F)F)(F)F,OCC(C(C([C](C(C(C(F)F)(F)F)(F)F)F)(F)F)(F)F)(F)F,449.6291134,107.4623
OCC(C(C(C(C(C(C(F)F)(F)F)(F)F)(F)F)(F)F)(F)F)(F)F,OCC(C(C(C([C](C(C(F)F)(F)F)F)(F)F)(F)F)(F)F)(F)F,448.6864438,107.237
OCC(C(C(C(C(C(C(F)F)(F)F)(F)F)(F)F)(F)F)(F)F)(F)F,OCC(C(C(C(C([C](C(F)F)F)(F)F)(F)F)(F)F)(F)F)(F)F,455.5152543,108.8691
OCC(C(C(C(C(C(C(F)F)(F)F)(F)F)(F)F)(F)F)(F)F)(F)F,OCC(C(C(C(C(C([CH]F)(F)F)(F)F)(F)F)(F)F)(F)F)(F)F,470.7356229,112.5068
OCC(C(C(C(C(C(C(C(F)F)(F)F)(F)F)(F)F)(F)F)(F)F)(F)F)(F)F,OC[C](C(C(C(C(C(C(F)(C(F)F)F)(F)F)(F)F)(F)F)(F)F)(F)F)F,466.8837739,111.5862
OCC(C(C(C(C(C(C(C(F)F)(F)F)(F)F)(F)F)(F)F)(F)F)(F)F)(F)F,OCC([C](C(C(C(C(C(F)(C(F)F)F)(F)F)(F)F)(F)F)(F)F)F)(F)F,455.1558432,108.7832
OCC(C(C(C(C(C(C(C(F)F)(F)F)(F)F)(F)F)(F)F)(F)F)(F)F)(F)F,OCC(C([C](C(C(C(C(F)(C(F)F)F)(F)F)(F)F)(F)F)F)(F)F)(F)F,447.8801747,107.0443
OCC(C(C(C(C(C(C(C(F)F)(F)F)(F)F)(F)F)(F)F)(F)F)(F)F)(F)F,OCC(C(C([C](C(C(C(F)(C(F)F)F)(F)F)(F)F)F)(F)F)(F)F)(F)F,451.2621535,107.8526
OCC(C(C(C(C(C(C(C(F)F)(F)F)(F)F)(F)F)(F)F)(F)F)(F)F)(F)F,OCC(C(C(C([C](C(C(F)(C(F)F)F)(F)F)F)(F)F)(F)F)(F)F)(F)F,451.6069203,107.935
OCC(C(C(C(C(C(C(C(F)F)(F)F)(F)F)(F)F)(F)F)(F)F)(F)F)(F)F,OCC(C(C(C(C([C](C(F)(C(F)F)F)F)(F)F)(F)F)(F)F)(F)F)(F)F,451.5115237,107.9122
OCC(C(C(C(C(C(C(C(F)F)(F)F)(F)F)(F)F)(F)F)(F)F)(F)F)(F)F,OCC(C(C(C(C(C([C](C(F)F)F)(F)F)(F)F)(F)F)(F)F)(F)F)(F)F,457.3717233,109.3128
OCC(C(C(C(C(C(C(C(F)F)(F)F)(F)F)(F)F)(F)F)(F)F)(F)F)(F)F,OCC(C(C(C(C(C(C(F)([CH]F)F)(F)F)(F)F)(F)F)(F)F)(F)F)(F)F,472.5473225,112.9398
[O-]C(C(F)F)=O,[O-]C([CH]F)=O,458.9758934,109.6962
[O-]C(C(C(F)F)(F)F)=O,[O-]C([C](C(F)F)F)=O,449.2533845,107.3725
[O-]C(C(C(F)F)(F)F)=O,[O-]C(C([CH]F)(F)F)=O,480.9121028,114.939
[O-]C(C(C(C(C(F)F)(F)F)(F)F)(F)F)=O,[O-]C([C](C(C(C(F)F)(F)F)(F)F)F)=O,449.2140543,107.3631
[O-]C(C(C(C(C(F)F)(F)F)(F)F)(F)F)=O,[O-]C(C([C](C(C(F)F)(F)F)F)(F)F)=O,457.8913841,109.437
[O-]C(C(C(C(C(F)F)(F)F)(F)F)(F)F)=O,[O-]C(C(C([C](C(F)F)F)(F)F)(F)F)=O,453.0186234,108.2724
[O-]C(C(C(C(C(F)F)(F)F)(F)F)(F)F)=O,[O-]C(C(C(C([CH]F)(F)F)(F)F)(F)F)=O,473.2113335,113.0985
[O-]C(C(C(C(F)(C(C(C(F)F)(F)F)(F)F)F)(F)F)(F)F)=O,[O-]C([C](C(C(F)(C(C(C(F)F)(F)F)(F)F)F)(F)F)F)=O,445.1521652,106.3923
[O-]C(C(C(C(F)(C(C(C(F)F)(F)F)(F)F)F)(F)F)(F)F)=O,[O-]C(C([C](C(F)(C(C(C(F)F)(F)F)(F)F)F)F)(F)F)=O,453.1257355,108.298
[O-]C(C(C(C(F)(C(C(C(F)F)(F)F)(F)F)F)(F)F)(F)F)=O,[O-]C(C(C([C](C(C(C(F)F)(F)F)(F)F)F)(F)F)(F)F)=O,450.4638341,107.6618
[O-]C(C(C(C(F)(C(C(C(F)F)(F)F)(F)F)F)(F)F)(F)F)=O,[O-]C(C(C(C(F)([C](C(C(F)F)(F)F)F)F)(F)F)(F)F)=O,452.3044037,108.1017
[O-]C(C(C(C(F)(C(C(C(F)F)(F)F)(F)F)F)(F)F)(F)F)=O,[O-]C(C(C(C(F)(C([C](C(F)F)F)(F)F)F)(F)F)(F)F)=O,457.4294634,109.3266
[O-]C(C(C(C(F)(C(C(C(F)F)(F)F)(F)F)F)(F)F)(F)F)=O,[O-]C(C(C(C(F)(C(C([CH]F)(F)F)(F)F)F)(F)F)(F)F)=O,472.4423025,112.9147
[O-]C(C(C(F)(C(C(F)(C(C(C(F)F)(F)F)(F)F)F)(F)F)F)(F)F)=O,[O-]C([C](C(F)(C(C(F)(C(C(C(F)F)(F)F)(F)F)F)(F)F)F)F)=O,450.272204,107.616
[O-]C(C(C(F)(C(C(F)(C(C(C(F)F)(F)F)(F)F)F)(F)F)F)(F)F)=O,[O-]C(C([C](C(C(F)(C(C(C(F)F)(F)F)(F)F)F)(F)F)F)(F)F)=O,453.7797046,108.4543
[O-]C(C(C(F)(C(C(F)(C(C(C(F)F)(F)F)(F)F)F)(F)F)F)(F)F)=O,[O-]C(C(C(F)([C](C(F)(C(C(C(F)F)(F)F)(F)F)F)F)F)(F)F)=O,449.8650946,107.5187
[O-]C(C(C(F)(C(C(F)(C(C(C(F)F)(F)F)(F)F)F)(F)F)F)(F)F)=O,[O-]C(C(C(F)(C([C](C(C(C(F)F)(F)F)(F)F)F)(F)F)F)(F)F)=O,448.4998346,107.1924
[O-]C(C(C(F)(C(C(F)(C(C(C(F)F)(F)F)(F)F)F)(F)F)F)(F)F)=O,[O-]C(C(C(F)(C(C(F)([C](C(C(F)F)(F)F)F)F)(F)F)F)(F)F)=O,450.2010749,107.599
[O-]C(C(C(F)(C(C(F)(C(C(C(F)F)(F)F)(F)F)F)(F)F)F)(F)F)=O,[O-]C(C(C(F)(C(C(F)(C([C](C(F)F)F)(F)F)F)(F)F)F)(F)F)=O,453.7562739,108.4487
[O-]C(C(C(F)(C(C(F)(C(C(C(F)F)(F)F)(F)F)F)(F)F)F)(F)F)=O,[O-]C(C(C(F)(C(C(F)(C(C([CH]F)(F)F)(F)F)F)(F)F)F)(F)F)=O,473.1092423,113.0741
[O-]C(C(C(C(F)(C(C(F)(C(C(C(F)F)(F)F)(F)F)F)(F)F)F)(F)F)(F)F)=O,[O-]C([C](C(C(F)(C(C(F)(C(C(C(F)F)(F)F)(F)F)F)(F)F)F)(F)F)F)=O,450.2090246,107.6009
[O-]C(C(C(C(F)(C(C(F)(C(C(C(F)F)(F)F)(F)F)F)(F)F)F)(F)F)(F)F)=O,[O-]C(C([C](C(F)(C(C(F)(C(C(C(F)F)(F)F)(F)F)F)(F)F)F)F)(F)F)=O,452.3278345,108.1073
[O-]C(C(C(C(F)(C(C(F)(C(C(C(F)F)(F)F)(F)F)F)(F)F)F)(F)F)(F)F)=O,[O-]C(C(C([C](C(C(F)(C(C(C(F)F)(F)F)(F)F)F)(F)F)F)(F)F)(F)F)=O,447.7278748,107.0079
[O-]C(C(C(C(F)(C(C(F)(C(C(C(F)F)(F)F)(F)F)F)(F)F)F)(F)F)(F)F)=O,[O-]C(C(C(C(F)([C](C(F)(C(C(C(F)F)(F)F)(F)F)F)F)F)(F)F)(F)F)=O,448.3425138,107.1548
[O-]C(C(C(C(F)(C(C(F)(C(C(C(F)F)(F)F)(F)F)F)(F)F)F)(F)F)(F)F)=O,[O-]C(C(C(C(F)(C([C](C(C(C(F)F)(F)F)(F)F)F)(F)F)F)(F)F)(F)F)=O,447.1241144,106.8636
[O-]C(C(C(C(F)(C(C(F)(C(C(C(F)F)(F)F)(F)F)F)(F)F)F)(F)F)(F)F)=O,[O-]C(C(C(C(F)(C(C(F)([C](C(C(F)F)(F)F)F)F)(F)F)F)(F)F)(F)F)=O,448.7416735,107.2502
[O-]C(C(C(C(F)(C(C(F)(C(C(C(F)F)(F)F)(F)F)F)(F)F)F)(F)F)(F)F)=O,[O-]C(C(C(C(F)(C(C(F)(C([C](C(F)F)F)(F)F)F)(F)F)F)(F)F)(F)F)=O,456.9805134,109.2193
[O-]C(C(C(C(F)(C(C(F)(C(C(C(F)F)(F)F)(F)F)F)(F)F)F)(F)F)(F)F)=O,[O-]C(C(C(C(F)(C(C(F)(C(C([CH]F)(F)F)(F)F)F)(F)F)F)(F)F)(F)F)=O,472.4920929,112.9266
[O-]C(C(C(C(F)(C(C(F)(C(C(F)(C(C(C(F)F)(F)F)(F)F)F)(F)F)F)(F)F)F)(F)F)(F)F)=O,[C](F)(C(=O)[O-])C(F)(F)C(F)(F)C(F)(F)C(F)(F)C(F)(F)C(F)(F)C(F)(F)C(F)(F)C(F)F,452.5274143,108.155
[O-]C(C(C(C(F)(C(C(F)(C(C(F)(C(C(C(F)F)(F)F)(F)F)F)(F)F)F)(F)F)F)(F)F)(F)F)=O,[C](F)(C(F)(F)C(=O)[O-])C(F)(F)C(F)(F)C(F)(F)C(F)(F)C(F)(F)C(F)(F)C(F)(F)C(F)F,449.1722136,107.3531
[O-]C(C(C(C(F)(C(C(F)(C(C(F)(C(C(C(F)F)(F)F)(F)F)F)(F)F)F)(F)F)F)(F)F)(F)F)=O,[C](F)(C(F)(F)C(F)(F)C(=O)[O-])C(F)(F)C(F)(F)C(F)(F)C(F)(F)C(F)(F)C(F)(F)C(F)F,450.5374736,107.6794
[O-]C(C(C(C(F)(C(C(F)(C(C(F)(C(C(C(F)F)(F)F)(F)F)F)(F)F)F)(F)F)F)(F)F)(F)F)=O,[C](F)(C(F)(F)C(F)(F)C(F)(F)C(=O)[O-])C(F)(F)C(F)(F)C(F)(F)C(F)(F)C(F)(F)C(F)F,448.0324747,107.0807
[O-]C(C(C(C(F)(C(C(F)(C(C(F)(C(C(C(F)F)(F)F)(F)F)F)(F)F)F)(F)F)F)(F)F)(F)F)=O,[C](F)(C(F)(F)C(F)(F)C(F)(F)C(F)(F)C(=O)[O-])C(F)(F)C(F)(F)C(F)(F)C(F)(F)C(F)F,447.0638639,106.8492
[O-]C(C(C(C(F)(C(C(F)(C(C(F)(C(C(C(F)F)(F)F)(F)F)F)(F)F)F)(F)F)F)(F)F)(F)F)=O,[C](F)(C(F)(F)C(F)(F)C(F)(F)C(F)F)C(F)(F)C(F)(F)C(F)(F)C(F)(F)C(F)(F)C(=O)[O-],447.6282941,106.9841
[O-]C(C(C(C(F)(C(C(F)(C(C(F)(C(C(C(F)F)(F)F)(F)F)F)(F)F)F)(F)F)F)(F)F)(F)F)=O,[C](F)(C(F)(F)C(F)(F)C(F)F)C(F)(F)C(F)(F)C(F)(F)C(F)(F)C(F)(F)C(F)(F)C(=O)[O-],447.570554,106.9703
[O-]C(C(C(C(F)(C(C(F)(C(C(F)(C(C(C(F)F)(F)F)(F)F)F)(F)F)F)(F)F)F)(F)F)(F)F)=O,[C](F)(C(F)(F)C(F)F)C(F)(F)C(F)(F)C(F)(F)C(F)(F)C(F)(F)C(F)(F)C(F)(F)C(=O)[O-],449.0303739,107.3192
[O-]C(C(C(C(F)(C(C(F)(C(C(F)(C(C(C(F)F)(F)F)(F)F)F)(F)F)F)(F)F)F)(F)F)(F)F)=O,[C](F)(C(F)F)C(F)(F)C(F)(F)C(F)(F)C(F)(F)C(F)(F)C(F)(F)C(F)(F)C(F)(F)C(=O)[O-],457.1641938,109.2632
[O-]C(C(C(C(F)(C(C(F)(C(C(F)(C(C(C(F)F)(F)F)(F)F)F)(F)F)F)(F)F)F)(F)F)(F)F)=O,[CH](F)C(F)(F)C(F)(F)C(F)(F)C(F)(F)C(F)(F)C(F)(F)C(F)(F)C(F)(F)C(F)(F)C(=O)[O-],474.1146728,113.3144
O=C(N(C)C(C(F)(F)F)=O)C(F)(F)F,O=C(N(C)C(C(F)(F)F)=O)[C](F)F,451.7793037,107.9762
FC1=C(S(=O)([O-])=O)C(F)=C(F)C(F)=C1F,FC1=C(F)C(F)=C(F)C(S(=O)([O-])=O)=[C]1,495.5969113,118.4487
FC1=C(S(=O)([O-])=O)C(F)=C(F)C(F)=C1F,FC1=C(S(=O)([O-])=O)C(F)=C(F)C(F)=[C]1,505.7708807,120.8803
FC1=C(S(=O)([O-])=O)C(F)=C(F)C(F)=C1F,FC1=C(S(=O)([O-])=O)C(F)=C(F)[C]=C1F,508.7746201,121.5982
FC1=C(C([O-])=O)C(F)=C(F)C(F)=C1F,FC1=C(F)C(F)=C(F)C(C([O-])=O)=[C]1,507.0361416,121.1827
FC1=C(C([O-])=O)C(F)=C(F)C(F)=C1F,FC1=C(C([O-])=O)C(F)=C(F)C(F)=[C]1,583.9856763,139.5738
FC1=C(C([O-])=O)C(F)=C(F)C(F)=C1F,FC1=C(C([O-])=O)C(F)=C(F)[C]=C1F,507.9131214,121.3923
FC(C([O-])=O)(C(F)(C(F)(C(F)(C(F)1F)F)F)F)C1(F)F,[O-]C([C](C(F)(C(F)(C(F)(C(F)1F)F)F)F)C1(F)F)=O,410.8181565,98.1864
FC(C([O-])=O)(C(F)(C(F)(C(F)(C(F)1F)F)F)F)C1(F)F,FC(C([O-])=O)(C(F)(C(F)(C(F)(C(F)1F)F)F)F)[C]1F,444.2333448,106.1727
FC(C([O-])=O)(C(F)(C(F)(C(F)(C(F)1F)F)F)F)C1(F)F,FC(C([O-])=O)(C(F)(C(F)(C(F)([C]1F)F)F)F)C1(F)F,452.8633947,108.2353
FC(C([O-])=O)(C(F)(C(F)(C(F)(C(F)1F)F)F)F)C1(F)F,FC(C([O-])=O)(C(F)(C(F)([C](C(F)1F)F)F)F)C1(F)F,449.7023345,107.4798
OC(CF)(C(F)(C(F)(C(F)(C(F)1F)F)F)F)C1(F)F,[CH2]C(O)(C(F)(C(F)(C(F)(C(F)1F)F)F)F)C1(F)F,421.3858463,100.7121
OC(CF)(C(F)(C(F)(C(F)(C(F)1F)F)F)F)C1(F)F,OC(CF)([C](C(F)(C(F)(C(F)1F)F)F)F)C1(F)F,451.8316045,107.9887
OC(CF)(C(F)(C(F)(C(F)(C(F)1F)F)F)F)C1(F)F,OC(CF)(C(F)([C](C(F)(C(F)1F)F)F)F)C1(F)F,451.3960435,107.8846
OC(CF)(C(F)(C(F)(C(F)(C(F)1F)F)F)F)C1(F)F,OC(CF)(C(F)(C(F)([C](C(F)1F)F)F)F)C1(F)F,451.4169638,107.8896
[O-]S(=O)(C(C(OC(F)(C(F)(F)F)F)(F)F)(F)F)=O,[C](F)(C(F)(F)OC(F)(F)C(F)(F)F)S(=O)(=O)[O-],465.6394333,111.2888
[O-]S(=O)(C(C(OC(F)(C(F)(F)F)F)(F)F)(F)F)=O,[C](F)(OC(F)(F)C(F)(F)F)C(F)(F)S(=O)(=O)[O-],470.1762136,112.3731
[O-]S(=O)(C(C(OC(F)(C(F)(F)F)F)(F)F)(F)F)=O,[C](F)(OC(F)(F)C(F)(F)S(=O)(=O)[O-])C(F)(F)F,477.6564828,114.1609
[O-]S(=O)(C(C(OC(F)(C(F)(F)F)F)(F)F)(F)F)=O,[C](F)(F)C(F)(F)OC(F)(F)C(F)(F)S(=O)(=O)[O-],501.6617117,119.8982
O=S([O-])(C(C(C(C(F)(F)F)(F)F)(F)F)(F)F)=O,[C](F)(C(F)(F)C(F)(F)C(F)(F)F)S(=O)(=O)[O-],456.812314,109.1791
O=S([O-])(C(C(C(C(F)(F)F)(F)F)(F)F)(F)F)=O,[C](F)(C(F)(F)C(F)(F)F)C(F)(F)S(=O)(=O)[O-],445.7827036,106.543
O=S([O-])(C(C(C(C(F)(F)F)(F)F)(F)F)(F)F)=O,[C](F)(C(F)(F)F)C(F)(F)C(F)(F)S(=O)(=O)[O-],455.418184,108.8459
O=S([O-])(C(C(C(C(F)(F)F)(F)F)(F)F)(F)F)=O,[C](F)(F)C(F)(F)C(F)(F)C(F)(F)S(=O)(=O)[O-],496.9517112,118.7725
O=S([O-])(C(C(C(F)(C(C(C(F)(F)F)(F)F)(F)F)F)(F)F)(F)F)=O,C(F)(C(F)(F)C(F)(F)C(F)(F)C(F)(F)C(F)(F)F)S(=O)(=O)[O-],458.4374044,109.5675
O=S([O-])(C(C(C(F)(C(C(C(F)(F)F)(F)F)(F)F)F)(F)F)(F)F)=O,C(F)(C(F)(F)C(F)(F)C(F)(F)C(F)(F)F)C(F)(F)S(=O)(=O)[O-],445.0998644,106.3798
O=S([O-])(C(C(C(F)(C(C(C(F)(F)F)(F)F)(F)F)F)(F)F)(F)F)=O,C(F)(C(F)(F)C(F)(F)C(F)(F)F)C(F)(F)C(F)(F)S(=O)(=O)[O-],447.0793449,106.8529
O=S([O-])(C(C(C(F)(C(C(C(F)(F)F)(F)F)(F)F)F)(F)F)(F)F)=O,C(F)(C(F)(F)C(F)(F)F)C(F)(F)C(F)(F)C(F)(F)S(=O)(=O)[O-],447.2818536,106.9013
O=S([O-])(C(C(C(F)(C(C(C(F)(F)F)(F)F)(F)F)F)(F)F)(F)F)=O,C(F)(C(F)(F)F)C(F)(F)C(F)(F)C(F)(F)C(F)(F)S(=O)(=O)[O-],453.5910033,108.4092
O=S([O-])(C(C(C(F)(C(C(C(F)(F)F)(F)F)(F)F)F)(F)F)(F)F)=O,C(F)(F)C(F)(F)C(F)(F)C(F)(F)C(F)(F)C(F)(F)S(=O)(=O)[O-],496.1349819,118.5773
O=S([O-])C(F)(F)F,O=S([O-])[C](F)F,501.7274015,119.9139
O=S([O-])(C(F)(F)F)=O,O=S([O-])([C](F)F)=O,500.2859916,119.5694
O=S([O-])(C(C(C(F)(C(C(F)(C(C(C(F)(F)F)(F)F)(F)F)F)(F)F)F)(F)F)(F)F)=O,[C](F)(C(F)(F)C(F)(F)C(F)(F)C(F)(F)C(F)(F)C(F)(F)C(F)(F)F)S(=O)(=O)[O-],468.8477734,112.0556
O=S([O-])(C(C(C(F)(C(C(F)(C(C(C(F)(F)F)(F)F)(F)F)F)(F)F)F)(F)F)(F)F)=O,[C](F)(C(F)(F)C(F)(F)C(F)(F)C(F)(F)C(F)(F)C(F)(F)F)C(F)(F)S(=O)(=O)[O-],446.583115,106.7343
O=S([O-])(C(C(C(F)(C(C(F)(C(C(C(F)(F)F)(F)F)(F)F)F)(F)F)F)(F)F)(F)F)=O,[C](F)(C(F)(F)C(F)(F)C(F)(F)C(F)(F)C(F)(F)F)C(F)(F)C(F)(F)S(=O)(=O)[O-],447.5257845,106.9596
O=S([O-])(C(C(C(F)(C(C(F)(C(C(C(F)(F)F)(F)F)(F)F)F)(F)F)F)(F)F)(F)F)=O,[C](F)(C(F)(F)C(F)(F)C(F)(F)C(F)(F)F)C(F)(F)C(F)(F)C(F)(F)S(=O)(=O)[O-],446.3337448,106.6747
O=S([O-])(C(C(C(F)(C(C(F)(C(C(C(F)(F)F)(F)F)(F)F)F)(F)F)F)(F)F)(F)F)=O,[C](F)(C(F)(F)C(F)(F)C(F)(F)F)C(F)(F)C(F)(F)C(F)(F)C(F)(F)S(=O)(=O)[O-],446.3023643,106.6672
O=S([O-])(C(C(C(F)(C(C(F)(C(C(C(F)(F)F)(F)F)(F)F)F)(F)F)F)(F)F)(F)F)=O,[C](F)(C(F)(F)C(F)(F)F)C(F)(F)C(F)(F)C(F)(F)C(F)(F)C(F)(F)S(=O)(=O)[O-],446.3182637,106.671
O=S([O-])(C(C(C(F)(C(C(F)(C(C(C(F)(F)F)(F)F)(F)F)F)(F)F)F)(F)F)(F)F)=O,[C](F)(C(F)(F)F)C(F)(F)C(F)(F)C(F)(F)C(F)(F)C(F)(F)C(F)(F)S(=O)(=O)[O-],453.4830545,108.3834
O=S([O-])(C(C(C(F)(C(C(F)(C(C(C(F)(F)F)(F)F)(F)F)F)(F)F)F)(F)F)(F)F)=O,[C](F)(F)C(F)(F)C(F)(F)C(F)(F)C(F)(F)C(F)(F)C(F)(F)C(F)(F)S(=O)(=O)[O-],497.0776515,118.8026
O=S(N)(C(F)(C(C(F)(C(C(F)(C(C(F)(C(F)(F)F)F)(F)F)F)(F)F)F)(F)F)F)=O,[C](F)(C(F)(F)C(F)(F)C(F)(F)C(F)(F)C(F)(F)C(F)(F)C(F)(F)F)S(N)(=O)=O,452.7951944,108.219
O=S(N)(C(F)(C(C(F)(C(C(F)(C(C(F)(C(F)(F)F)F)(F)F)F)(F)F)F)(F)F)F)=O,[C](F)(C(F)(F)C(F)(F)C(F)(F)C(F)(F)C(F)(F)C(F)(F)F)C(F)(F)S(N)(=O)=O,440.0379841,105.17
O=S(N)(C(F)(C(C(F)(C(C(F)(C(C(F)(C(F)(F)F)F)(F)F)F)(F)F)F)(F)F)F)=O,[C](F)(C(F)(F)C(F)(F)C(F)(F)C(F)(F)C(F)(F)F)C(F)(F)C(F)(F)S(N)(=O)=O,448.3370745,107.1535
O=S(N)(C(F)(C(C(F)(C(C(F)(C(C(F)(C(F)(F)F)F)(F)F)F)(F)F)F)(F)F)F)=O,[C](F)(C(F)(F)C(F)(F)C(F)(F)C(F)(F)F)C(F)(F)C(F)(F)C(F)(F)S(N)(=O)=O,445.5935839,106.4978
O=S(N)(C(F)(C(C(F)(C(C(F)(C(C(F)(C(F)(F)F)F)(F)F)F)(F)F)F)(F)F)F)=O,[C](F)(C(F)(F)C(F)(F)C(F)(F)F)C(F)(F)C(F)(F)C(F)(F)C(F)(F)S(N)(=O)=O,445.1735039,106.3974
O=S(N)(C(F)(C(C(F)(C(C(F)(C(C(F)(C(F)(F)F)F)(F)F)F)(F)F)F)(F)F)F)=O,[C](F)(C(F)(F)C(F)(F)F)C(F)(F)C(F)(F)C(F)(F)C(F)(F)C(F)(F)S(N)(=O)=O,446.5044546,106.7155
O=S(N)(C(F)(C(C(F)(C(C(F)(C(C(F)(C(F)(F)F)F)(F)F)F)(F)F)F)(F)F)F)=O,[C](F)(C(F)(F)F)C(F)(F)C(F)(F)C(F)(F)C(F)(F)C(F)(F)C(F)(F)S(N)(=O)=O,453.8140139,108.4625
O=S(N)(C(F)(C(C(F)(C(C(F)(C(C(F)(C(F)(F)F)F)(F)F)F)(F)F)F)(F)F)F)=O,[C](F)(F)C(F)(F)C(F)(F)C(F)(F)C(F)(F)C(F)(F)C(F)(F)C(F)(F)S(N)(=O)=O,496.0458614,118.556
O=S([O-])(C(C(F)(F)F)(F)F)=O,[C](F)(C(F)(F)F)S(=O)(=O)[O-],469.9506926,112.3192
O=S([O-])(C(C(F)(F)F)(F)F)=O,[C](F)(F)C(F)(F)S(=O)(=O)[O-],475.217592,113.578
NC(C(C(F)(F)F)=O)=O,NC(C([C](F)F)=O)=O,436.9451241,104.4308