dummy,SMILES_rad,BDE kJ
NS(=O)(=O)[C](F)F,NS(=O)(=O)[C](F)F,552.76251
NC(=O)C(F)[C](F)F,NC(=O)C(F)[C](F)F,559.84974
COC(F)([C](F)F)C(N)=O,COC(F)([C](F)F)C(N)=O,559.599727
CNC(=O)[C](F)F,CNC(=O)[C](F)F,543.904131
CN(C(=O)[C](F)F)C(=O)C(F)(F)F,CN(C(=O)[C](F)F)C(=O)C(F)(F)F,518.876446
CCN(CC)C(=O)[C](F)F,CCN(CC)C(=O)[C](F)F,551.383487
NC(=O)[C](F)F,NC(=O)[C](F)F,541.517158
NC(=O)C(F)(F)C(F)(F)C(F)(F)[C](F)F,NC(=O)C(F)(F)C(F)(F)C(F)(F)[C](F)F,548.888614
NC(=O)C(F)(F)C(F)(F)C(F)(F)C(F)(F)[C](F)F,NC(=O)C(F)(F)C(F)(F)C(F)(F)C(F)(F)[C](F)F,553.952049
NC(=O)C(F)(F)C(F)(F)[C](F)F,NC(=O)C(F)(F)C(F)(F)[C](F)F,553.096739
NC(=O)C(F)(F)C(F)(F)C(F)(F)C(F)(F)C(F)(F)[C](F)F,NC(=O)C(F)(F)C(F)(F)C(F)(F)C(F)(F)C(F)(F)[C](F)F,555.525819
NC(=O)C(F)(F)C(F)(F)C(F)(F)C(F)(F)C(F)(F)C(F)(F)[C](F)F,NC(=O)C(F)(F)C(F)(F)C(F)(F)C(F)(F)C(F)(F)C(F)(F)[C](F)F,554.965262
NC(=O)C(F)(F)C(F)(F)C(F)(F)C(F)(F)C(F)(F)C(F)(F)C(F)(F)[C](F)F,NC(=O)C(F)(F)C(F)(F)C(F)(F)C(F)(F)C(F)(F)C(F)(F)C(F)(F)[C](F)F,558.312814
NC(=O)C(F)(F)C(F)(F)C(F)(F)C(F)(F)C(F)(F)C(F)(F)C(F)(F)C(F)(F)[C](F)F,NC(=O)C(F)(F)C(F)(F)C(F)(F)C(F)(F)C(F)(F)C(F)(F)C(F)(F)C(F)(F)[C](F)F,558.094381
OCC(F)(F)C(F)[C](F)F,OCC(F)(F)C(F)[C](F)F,562.944646
OC[C](F)F,OC[C](F)F,572.584647
OCC(F)(F)C(F)(F)[C](F)F,OCC(F)(F)C(F)(F)[C](F)F,561.412983
OCC(F)(F)C(F)(F)C(F)(F)[C](F)F,OCC(F)(F)C(F)(F)C(F)(F)[C](F)F,556.194277
OCC(F)(F)C(F)(F)C(F)(F)C(F)(F)[C](F)F,OCC(F)(F)C(F)(F)C(F)(F)C(F)(F)[C](F)F,550.146578
OCC(F)(F)C(F)(F)C(F)(F)C(F)(F)C(F)(F)[C](F)F,OCC(F)(F)C(F)(F)C(F)(F)C(F)(F)C(F)(F)[C](F)F,558.044378
OCC(F)(F)C(F)(F)C(F)(F)C(F)(F)C(F)(F)C(F)(F)[C](F)F,OCC(F)(F)C(F)(F)C(F)(F)C(F)(F)C(F)(F)C(F)(F)[C](F)F,553.175691
OCC(F)(F)C(F)(F)C(F)(F)C(F)(F)C(F)(F)C(F)(F)C(F)(F)[C](F)F,OCC(F)(F)C(F)(F)C(F)(F)C(F)(F)C(F)(F)C(F)(F)C(F)(F)[C](F)F,551.191371
OCC(F)(F)C(F)(F)C(F)(F)C(F)(F)C(F)(F)C(F)(F)C(F)(F)C(F)(F)[C](F)F,OCC(F)(F)C(F)(F)C(F)(F)C(F)(F)C(F)(F)C(F)(F)C(F)(F)C(F)(F)[C](F)F,557.331181
OCC[C](F)F,OCC[C](F)F,570.858237
OCCC(F)(F)C(F)(F)[C](F)F,OCCC(F)(F)C(F)(F)[C](F)F,558.312814
OCCC(F)(F)C(F)(F)C(F)(F)[C](F)F,OCCC(F)(F)C(F)(F)C(F)(F)[C](F)F,555.575822
OCCC(F)(F)C(F)(F)C(F)(F)C(F)(F)[C](F)F,OCCC(F)(F)C(F)(F)C(F)(F)C(F)(F)[C](F)F,555.381075
OCCC(F)(F)C(F)(F)C(F)(F)C(F)(F)C(F)(F)[C](F)F,OCCC(F)(F)C(F)(F)C(F)(F)C(F)(F)C(F)(F)[C](F)F,549.996569
OCCC(F)(F)C(F)(F)C(F)(F)C(F)(F)C(F)(F)C(F)(F)[C](F)F,OCCC(F)(F)C(F)(F)C(F)(F)C(F)(F)C(F)(F)C(F)(F)[C](F)F,555.091585
OCCC(F)(F)C(F)(F)C(F)(F)C(F)(F)C(F)(F)C(F)(F)C(F)(F)[C](F)F,OCCC(F)(F)C(F)(F)C(F)(F)C(F)(F)C(F)(F)C(F)(F)C(F)(F)[C](F)F,551.146632
OCCC[C](F)F,OCCC[C](F)F,575.761137
OCCCC(F)(F)[C](F)F,OCCCC(F)(F)[C](F)F,566.323778
OCCCC(F)(F)C(F)(F)[C](F)F,OCCCC(F)(F)C(F)(F)[C](F)F,561.073491
OCCCC(F)(F)C(F)(F)C(F)(F)[C](F)F,OCCCC(F)(F)C(F)(F)C(F)(F)[C](F)F,553.088844
OCCCC(F)(F)C(F)(F)C(F)(F)C(F)(F)[C](F)F,OCCCC(F)(F)C(F)(F)C(F)(F)C(F)(F)[C](F)F,546.456902
OCCCC(F)(F)C(F)(F)C(F)(F)C(F)(F)C(F)(F)[C](F)F,OCCCC(F)(F)C(F)(F)C(F)(F)C(F)(F)C(F)(F)[C](F)F,554.223116
OCCCC(F)(F)C(F)(F)C(F)(F)C(F)(F)C(F)(F)C(F)(F)[C](F)F,OCCCC(F)(F)C(F)(F)C(F)(F)C(F)(F)C(F)(F)C(F)(F)[C](F)F,560.915588
OCC(F)(OC(F)(F)C(F)(F)[C](F)F)C(F)(F)F,OCC(F)(OC(F)(F)C(F)(F)[C](F)F)C(F)(F)F,559.883952
OCC(F)(OC(F)(F)C(F)(F)C(F)(F)F)[C](F)F,OCC(F)(OC(F)(F)C(F)(F)C(F)(F)F)[C](F)F,554.05995
OCC(F)(F)C(F)([C](F)F)C(F)(F)C(F)(F)C(F)(F)C(F)(C(F)(F)F)C(F)(F)F,OCC(F)(F)C(F)([C](F)F)C(F)(F)C(F)(F)C(F)(F)C(F)(C(F)(F)F)C(F)(F)F,557.586458
OCCC(F)(F)C(F)(F)C(F)(F)C(F)(F)C(F)(F)C(F)(F)C(F)([C](F)F)C(F)(F)F,OCCC(F)(F)C(F)(F)C(F)(F)C(F)(F)C(F)(F)C(F)(F)C(F)([C](F)F)C(F)(F)F,547.054303
NC(=O)[CH]F,NC(=O)[CH]F,501.401806
NC(=O)[C](F)C(F)(F)C(F)(F)C(F)(F)F,NC(=O)[C](F)C(F)(F)C(F)(F)C(F)(F)F,496.088357
NC(=O)C(F)(F)[C](F)C(F)(F)C(F)(F)F,NC(=O)C(F)(F)[C](F)C(F)(F)C(F)(F)F,511.120759
NC(=O)C(F)(F)C(F)(F)[C](F)C(F)(F)F,NC(=O)C(F)(F)C(F)(F)[C](F)C(F)(F)F,519.010664
NC(=O)[C](F)C(F)(F)C(F)(F)C(F)(F)C(F)(F)F,NC(=O)[C](F)C(F)(F)C(F)(F)C(F)(F)C(F)(F)F,503.304541
NC(=O)C(F)(F)[C](F)C(F)(F)C(F)(F)C(F)(F)F,NC(=O)C(F)(F)[C](F)C(F)(F)C(F)(F)C(F)(F)F,508.873267
NC(=O)C(F)(F)C(F)(F)[C](F)C(F)(F)C(F)(F)F,NC(=O)C(F)(F)C(F)(F)[C](F)C(F)(F)C(F)(F)F,513.041916
NC(=O)C(F)(F)C(F)(F)C(F)(F)[C](F)C(F)(F)F,NC(=O)C(F)(F)C(F)(F)C(F)(F)[C](F)C(F)(F)F,524.834666
NC(=O)[C](F)C(F)(F)C(F)(F)F,NC(=O)[C](F)C(F)(F)C(F)(F)F,502.196586
NC(=O)C(F)(F)[C](F)C(F)(F)F,NC(=O)C(F)(F)[C](F)C(F)(F)F,521.726602
NC(=O)[C](F)C(F)(F)C(F)(F)C(F)(F)C(F)(F)C(F)(F)F,NC(=O)[C](F)C(F)(F)C(F)(F)C(F)(F)C(F)(F)C(F)(F)F,501.993944
NC(=O)C(F)(F)[C](F)C(F)(F)C(F)(F)C(F)(F)C(F)(F)F,NC(=O)C(F)(F)[C](F)C(F)(F)C(F)(F)C(F)(F)C(F)(F)F,512.94191
NC(=O)C(F)(F)C(F)(F)[C](F)C(F)(F)C(F)(F)C(F)(F)F,NC(=O)C(F)(F)C(F)(F)[C](F)C(F)(F)C(F)(F)C(F)(F)F,508.825896
NC(=O)C(F)(F)C(F)(F)C(F)(F)[C](F)C(F)(F)C(F)(F)F,NC(=O)C(F)(F)C(F)(F)C(F)(F)[C](F)C(F)(F)C(F)(F)F,515.560475
NC(=O)C(F)(F)C(F)(F)C(F)(F)C(F)(F)[C](F)C(F)(F)F,NC(=O)C(F)(F)C(F)(F)C(F)(F)C(F)(F)[C](F)C(F)(F)F,525.453121
NC(=O)[C](F)C(F)(F)C(F)(F)C(F)(F)C(F)(F)C(F)(F)C(F)(F)F,NC(=O)[C](F)C(F)(F)C(F)(F)C(F)(F)C(F)(F)C(F)(F)C(F)(F)F,506.759993
NC(=O)C(F)(F)[C](F)C(F)(F)C(F)(F)C(F)(F)C(F)(F)C(F)(F)F,NC(=O)C(F)(F)[C](F)C(F)(F)C(F)(F)C(F)(F)C(F)(F)C(F)(F)F,510.720737
NC(=O)C(F)(F)C(F)(F)[C](F)C(F)(F)C(F)(F)C(F)(F)C(F)(F)F,NC(=O)C(F)(F)C(F)(F)[C](F)C(F)(F)C(F)(F)C(F)(F)C(F)(F)F,512.43662
NC(=O)C(F)(F)C(F)(F)C(F)(F)[C](F)C(F)(F)C(F)(F)C(F)(F)F,NC(=O)C(F)(F)C(F)(F)C(F)(F)[C](F)C(F)(F)C(F)(F)C(F)(F)F,508.652202
NC(=O)C(F)(F)C(F)(F)C(F)(F)C(F)(F)[C](F)C(F)(F)C(F)(F)F,NC(=O)C(F)(F)C(F)(F)C(F)(F)C(F)(F)[C](F)C(F)(F)C(F)(F)F,517.934289
NC(=O)C(F)(F)C(F)(F)C(F)(F)C(F)(F)C(F)(F)[C](F)C(F)(F)F,NC(=O)C(F)(F)C(F)(F)C(F)(F)C(F)(F)C(F)(F)[C](F)C(F)(F)F,529.611243
NC(=O)[C](F)C(F)(F)C(F)(F)C(F)(F)C(F)(F)C(F)(F)C(F)(F)C(F)(F)F,NC(=O)[C](F)C(F)(F)C(F)(F)C(F)(F)C(F)(F)C(F)(F)C(F)(F)C(F)(F)F,493.275046
NC(=O)C(F)(F)[C](F)C(F)(F)C(F)(F)C(F)(F)C(F)(F)C(F)(F)C(F)(F)F,NC(=O)C(F)(F)[C](F)C(F)(F)C(F)(F)C(F)(F)C(F)(F)C(F)(F)C(F)(F)F,511.03128
NC(=O)C(F)(F)C(F)(F)[C](F)C(F)(F)C(F)(F)C(F)(F)C(F)(F)C(F)(F)F,NC(=O)C(F)(F)C(F)(F)[C](F)C(F)(F)C(F)(F)C(F)(F)C(F)(F)C(F)(F)F,507.738994
NC(=O)C(F)(F)C(F)(F)C(F)(F)[C](F)C(F)(F)C(F)(F)C(F)(F)C(F)(F)F,NC(=O)C(F)(F)C(F)(F)C(F)(F)[C](F)C(F)(F)C(F)(F)C(F)(F)C(F)(F)F,514.049866
NC(=O)C(F)(F)C(F)(F)C(F)(F)C(F)(F)[C](F)C(F)(F)C(F)(F)C(F)(F)F,NC(=O)C(F)(F)C(F)(F)C(F)(F)C(F)(F)[C](F)C(F)(F)C(F)(F)C(F)(F)F,512.75769
NC(=O)C(F)(F)C(F)(F)C(F)(F)C(F)(F)C(F)(F)[C](F)C(F)(F)C(F)(F)F,NC(=O)C(F)(F)C(F)(F)C(F)(F)C(F)(F)C(F)(F)[C](F)C(F)(F)C(F)(F)F,515.068343
NC(=O)C(F)(F)C(F)(F)C(F)(F)C(F)(F)C(F)(F)C(F)(F)[C](F)C(F)(F)F,NC(=O)C(F)(F)C(F)(F)C(F)(F)C(F)(F)C(F)(F)C(F)(F)[C](F)C(F)(F)F,516.844756
NC(=O)[C](F)C(F)(F)C(F)(F)C(F)(F)C(F)(F)C(F)(F)C(F)(F)C(F)(F)C(F)(F)F,NC(=O)[C](F)C(F)(F)C(F)(F)C(F)(F)C(F)(F)C(F)(F)C(F)(F)C(F)(F)C(F)(F)F,506.607354
NC(=O)C(F)(F)[C](F)C(F)(F)C(F)(F)C(F)(F)C(F)(F)C(F)(F)C(F)(F)C(F)(F)F,NC(=O)C(F)(F)[C](F)C(F)(F)C(F)(F)C(F)(F)C(F)(F)C(F)(F)C(F)(F)C(F)(F)F,511.631313
NC(=O)C(F)(F)C(F)(F)C(F)(F)[C](F)C(F)(F)C(F)(F)C(F)(F)C(F)(F)C(F)(F)F,NC(=O)C(F)(F)C(F)(F)C(F)(F)[C](F)C(F)(F)C(F)(F)C(F)(F)C(F)(F)C(F)(F)F,504.925683
NC(=O)C(F)(F)C(F)(F)C(F)(F)C(F)(F)[C](F)C(F)(F)C(F)(F)C(F)(F)C(F)(F)F,NC(=O)C(F)(F)C(F)(F)C(F)(F)C(F)(F)[C](F)C(F)(F)C(F)(F)C(F)(F)C(F)(F)F,510.957591
NC(=O)C(F)(F)C(F)(F)C(F)(F)C(F)(F)C(F)(F)[C](F)C(F)(F)C(F)(F)C(F)(F)F,NC(=O)C(F)(F)C(F)(F)C(F)(F)C(F)(F)C(F)(F)[C](F)C(F)(F)C(F)(F)C(F)(F)F,506.083641
NC(=O)C(F)(F)C(F)(F)C(F)(F)C(F)(F)C(F)(F)C(F)(F)[C](F)C(F)(F)C(F)(F)F,NC(=O)C(F)(F)C(F)(F)C(F)(F)C(F)(F)C(F)(F)C(F)(F)[C](F)C(F)(F)C(F)(F)F,515.626268
NC(=O)C(F)(F)C(F)(F)C(F)(F)C(F)(F)C(F)(F)C(F)(F)C(F)(F)[C](F)C(F)(F)F,NC(=O)C(F)(F)C(F)(F)C(F)(F)C(F)(F)C(F)(F)C(F)(F)C(F)(F)[C](F)C(F)(F)F,517.950079
OC[C](F)C(F)C(F)(F)F,OC[C](F)C(F)C(F)(F)F,532.70615
OC[C](F)C(F)(F)C(F)(F)F,OC[C](F)C(F)(F)C(F)(F)F,532.956164
OCC(F)(F)[C](F)C(F)(F)F,OCC(F)(F)[C](F)C(F)(F)F,531.653461
OC[C](F)C(F)(F)C(F)(F)C(F)(F)F,OC[C](F)C(F)(F)C(F)(F)C(F)(F)F,529.961263
OCC(F)(F)[C](F)C(F)(F)C(F)(F)F,OCC(F)(F)[C](F)C(F)(F)C(F)(F)F,527.976943
OCC(F)(F)C(F)(F)[C](F)C(F)(F)F,OCC(F)(F)C(F)(F)[C](F)C(F)(F)F,522.345057
OC[C](F)C(F)(F)C(F)(F)C(F)(F)C(F)(F)F,OC[C](F)C(F)(F)C(F)(F)C(F)(F)C(F)(F)F,523.487225
OCC(F)(F)[C](F)C(F)(F)C(F)(F)C(F)(F)F,OCC(F)(F)[C](F)C(F)(F)C(F)(F)C(F)(F)F,516.857914
OCC(F)(F)C(F)(F)[C](F)C(F)(F)C(F)(F)F,OCC(F)(F)C(F)(F)[C](F)C(F)(F)C(F)(F)F,519.102774
OCC(F)(F)C(F)(F)C(F)(F)[C](F)C(F)(F)F,OCC(F)(F)C(F)(F)C(F)(F)[C](F)C(F)(F)F,516.489473
OC[C](F)C(F)(F)C(F)(F)C(F)(F)C(F)(F)C(F)(F)F,OC[C](F)C(F)(F)C(F)(F)C(F)(F)C(F)(F)C(F)(F)F,522.637178
OCC(F)(F)[C](F)C(F)(F)C(F)(F)C(F)(F)C(F)(F)F,OCC(F)(F)[C](F)C(F)(F)C(F)(F)C(F)(F)C(F)(F)F,513.576156
OCC(F)(F)C(F)(F)[C](F)C(F)(F)C(F)(F)C(F)(F)F,OCC(F)(F)C(F)(F)[C](F)C(F)(F)C(F)(F)C(F)(F)F,505.302019
OCC(F)(F)C(F)(F)C(F)(F)[C](F)C(F)(F)C(F)(F)F,OCC(F)(F)C(F)(F)C(F)(F)[C](F)C(F)(F)C(F)(F)F,508.531143
OCC(F)(F)C(F)(F)C(F)(F)C(F)(F)[C](F)C(F)(F)F,OCC(F)(F)C(F)(F)C(F)(F)C(F)(F)[C](F)C(F)(F)F,519.789654
OC[C](F)C(F)(F)C(F)(F)C(F)(F)C(F)(F)C(F)(F)C(F)(F)F,OC[C](F)C(F)(F)C(F)(F)C(F)(F)C(F)(F)C(F)(F)C(F)(F)F,522.647705
OCC(F)(F)[C](F)C(F)(F)C(F)(F)C(F)(F)C(F)(F)C(F)(F)F,OCC(F)(F)[C](F)C(F)(F)C(F)(F)C(F)(F)C(F)(F)C(F)(F)F,512.676106
OCC(F)(F)C(F)(F)[C](F)C(F)(F)C(F)(F)C(F)(F)C(F)(F)F,OCC(F)(F)C(F)(F)[C](F)C(F)(F)C(F)(F)C(F)(F)C(F)(F)F,514.120922
OCC(F)(F)C(F)(F)C(F)(F)[C](F)C(F)(F)C(F)(F)C(F)(F)F,OCC(F)(F)C(F)(F)C(F)(F)[C](F)C(F)(F)C(F)(F)C(F)(F)F,499.720135
OCC(F)(F)C(F)(F)C(F)(F)C(F)(F)[C](F)C(F)(F)C(F)(F)F,OCC(F)(F)C(F)(F)C(F)(F)C(F)(F)[C](F)C(F)(F)C(F)(F)F,506.044165
OCC(F)(F)C(F)(F)C(F)(F)C(F)(F)C(F)(F)[C](F)C(F)(F)F,OCC(F)(F)C(F)(F)C(F)(F)C(F)(F)C(F)(F)[C](F)C(F)(F)F,521.400268
OC[C](F)C(F)(F)C(F)(F)C(F)(F)C(F)(F)C(F)(F)C(F)(F)C(F)(F)F,OC[C](F)C(F)(F)C(F)(F)C(F)(F)C(F)(F)C(F)(F)C(F)(F)C(F)(F)F,514.844646
OC[C](F)C(F)(F)C(F)(F)C(F)(F)C(F)(F)C(F)F,OC[C](F)C(F)(F)C(F)(F)C(F)(F)C(F)(F)C(F)F,521.287104
OCC(F)(F)[C](F)C(F)(F)C(F)(F)C(F)(F)C(F)(F)C(F)(F)C(F)(F)F,OCC(F)(F)[C](F)C(F)(F)C(F)(F)C(F)(F)C(F)(F)C(F)(F)C(F)(F)F,516.571056
OCC(F)(F)C(F)(F)C(F)(F)[C](F)C(F)(F)C(F)(F)C(F)(F)C(F)(F)F,OCC(F)(F)C(F)(F)C(F)(F)[C](F)C(F)(F)C(F)(F)C(F)(F)C(F)(F)F,500.988625
OCC(F)(F)C(F)(F)C(F)(F)C(F)(F)[C](F)C(F)(F)C(F)(F)C(F)(F)F,OCC(F)(F)C(F)(F)C(F)(F)C(F)(F)[C](F)C(F)(F)C(F)(F)C(F)(F)F,501.16495
OCC(F)(F)C(F)(F)C(F)(F)C(F)(F)C(F)(F)[C](F)C(F)(F)C(F)(F)F,OCC(F)(F)C(F)(F)C(F)(F)C(F)(F)C(F)(F)[C](F)C(F)(F)C(F)(F)F,509.744367
OCC(F)(F)C(F)(F)C(F)(F)C(F)(F)C(F)(F)C(F)(F)[C](F)C(F)(F)F,OCC(F)(F)C(F)(F)C(F)(F)C(F)(F)C(F)(F)C(F)(F)[C](F)C(F)(F)F,518.147458
OC[C](F)C(F)(F)C(F)(F)C(F)(F)C(F)(F)C(F)(F)C(F)(F)C(F)(F)C(F)(F)F,OC[C](F)C(F)(F)C(F)(F)C(F)(F)C(F)(F)C(F)(F)C(F)(F)C(F)(F)C(F)(F)F,522.56349
OCC(F)(F)[C](F)C(F)(F)C(F)(F)C(F)(F)C(F)(F)C(F)(F)C(F)(F)C(F)(F)F,OCC(F)(F)[C](F)C(F)(F)C(F)(F)C(F)(F)C(F)(F)C(F)(F)C(F)(F)C(F)(F)F,518.781704
OCC(F)(F)C(F)(F)[C](F)C(F)(F)C(F)(F)C(F)(F)C(F)(F)C(F)(F)C(F)(F)F,OCC(F)(F)C(F)(F)[C](F)C(F)(F)C(F)(F)C(F)(F)C(F)(F)C(F)(F)C(F)(F)F,507.141593
OCC(F)(F)C(F)(F)C(F)(F)[C](F)C(F)(F)C(F)(F)C(F)(F)C(F)(F)C(F)(F)F,OCC(F)(F)C(F)(F)C(F)(F)[C](F)C(F)(F)C(F)(F)C(F)(F)C(F)(F)C(F)(F)F,500.346484
OCC(F)(F)C(F)(F)C(F)(F)C(F)(F)[C](F)C(F)(F)C(F)(F)C(F)(F)C(F)(F)F,OCC(F)(F)C(F)(F)C(F)(F)C(F)(F)[C](F)C(F)(F)C(F)(F)C(F)(F)C(F)(F)F,507.717941
OCC(F)(F)C(F)(F)C(F)(F)C(F)(F)C(F)(F)[C](F)C(F)(F)C(F)(F)C(F)(F)F,OCC(F)(F)C(F)(F)C(F)(F)C(F)(F)C(F)(F)[C](F)C(F)(F)C(F)(F)C(F)(F)F,500.225425
OCC(F)(F)C(F)(F)C(F)(F)C(F)(F)C(F)(F)C(F)(F)[C](F)C(F)(F)C(F)(F)F,OCC(F)(F)C(F)(F)C(F)(F)C(F)(F)C(F)(F)C(F)(F)[C](F)C(F)(F)C(F)(F)F,512.984018
OCC(F)(F)C(F)(F)C(F)(F)C(F)(F)C(F)(F)C(F)(F)C(F)(F)[C](F)C(F)(F)F,OCC(F)(F)C(F)(F)C(F)(F)C(F)(F)C(F)(F)C(F)(F)C(F)(F)[C](F)C(F)(F)F,523.371429
OC[C](F)C(F)F,OC[C](F)C(F)F,546.641123
OCC(F)(F)[CH]F,OCC(F)(F)[CH]F,539.324933
OC[C](F)C(F)(F)C(F)F,OC[C](F)C(F)(F)C(F)F,534.122017
OCC(F)(F)[C](F)C(F)F,OCC(F)(F)[C](F)C(F)F,536.630048
OCC(F)(F)C(F)(F)[CH]F,OCC(F)(F)C(F)(F)[CH]F,531.419237
OC[C](F)C(F)(F)C(F)(F)C(F)F,OC[C](F)C(F)(F)C(F)(F)C(F)F,533.174596
OCC(F)(F)C(F)(F)[C](F)C(F)F,OCC(F)(F)C(F)(F)[C](F)C(F)F,522.637178
OCC(F)(F)C(F)(F)C(F)(F)[CH]F,OCC(F)(F)C(F)(F)C(F)(F)[CH]F,526.387383
OC[C](F)C(F)(F)C(F)(F)C(F)(F)C(F)F,OC[C](F)C(F)(F)C(F)(F)C(F)(F)C(F)F,522.79245
OCC(F)(F)[C](F)C(F)(F)C(F)(F)C(F)F,OCC(F)(F)[C](F)C(F)(F)C(F)(F)C(F)F,504.146692
OCC(F)(F)C(F)(F)[C](F)C(F)(F)C(F)F,OCC(F)(F)C(F)(F)[C](F)C(F)(F)C(F)F,521.810817
OCC(F)(F)C(F)(F)C(F)(F)C(F)(F)[CH]F,OCC(F)(F)C(F)(F)C(F)(F)C(F)(F)[CH]F,518.952766
OCC(F)(F)[C](F)C(F)(F)C(F)(F)C(F)(F)C(F)F,OCC(F)(F)[C](F)C(F)(F)C(F)(F)C(F)(F)C(F)F,508.873267
OCC(F)(F)C(F)(F)[C](F)C(F)(F)C(F)(F)C(F)F,OCC(F)(F)C(F)(F)[C](F)C(F)(F)C(F)(F)C(F)F,515.778908
OCC(F)(F)C(F)(F)C(F)(F)[C](F)C(F)(F)C(F)F,OCC(F)(F)C(F)(F)C(F)(F)[C](F)C(F)(F)C(F)F,511.286557
OCC(F)(F)C(F)(F)C(F)(F)C(F)(F)[C](F)C(F)F,OCC(F)(F)C(F)(F)C(F)(F)C(F)(F)[C](F)C(F)F,516.594742
OCC(F)(F)C(F)(F)C(F)(F)C(F)(F)C(F)(F)[CH]F,OCC(F)(F)C(F)(F)C(F)(F)C(F)(F)C(F)(F)[CH]F,524.842562
OC[C](F)C(F)(F)C(F)(F)C(F)(F)C(F)(F)C(F)(F)C(F)F,OC[C](F)C(F)(F)C(F)(F)C(F)(F)C(F)(F)C(F)(F)C(F)F,522.958248
OCC(F)(F)[C](F)C(F)(F)C(F)(F)C(F)(F)C(F)(F)C(F)F,OCC(F)(F)[C](F)C(F)(F)C(F)(F)C(F)(F)C(F)(F)C(F)F,513.1235
OCC(F)(F)C(F)(F)[C](F)C(F)(F)C(F)(F)C(F)(F)C(F)F,OCC(F)(F)C(F)(F)[C](F)C(F)(F)C(F)(F)C(F)(F)C(F)F,498.733239
OCC(F)(F)C(F)(F)C(F)(F)[C](F)C(F)(F)C(F)(F)C(F)F,OCC(F)(F)C(F)(F)C(F)(F)[C](F)C(F)(F)C(F)(F)C(F)F,505.683619
OCC(F)(F)C(F)(F)C(F)(F)C(F)(F)[C](F)C(F)(F)C(F)F,OCC(F)(F)C(F)(F)C(F)(F)C(F)(F)[C](F)C(F)(F)C(F)F,510.32861
OCC(F)(F)C(F)(F)C(F)(F)C(F)(F)C(F)(F)[C](F)C(F)F,OCC(F)(F)C(F)(F)C(F)(F)C(F)(F)C(F)(F)[C](F)C(F)F,506.3126
OCC(F)(F)C(F)(F)C(F)(F)C(F)(F)C(F)(F)C(F)(F)[CH]F,OCC(F)(F)C(F)(F)C(F)(F)C(F)(F)C(F)(F)C(F)(F)[CH]F,522.805608
OC[C](F)C(F)(F)C(F)(F)C(F)(F)C(F)(F)C(F)(F)C(F)(F)C(F)F,OC[C](F)C(F)(F)C(F)(F)C(F)(F)C(F)(F)C(F)(F)C(F)(F)C(F)F,521.355529
OCC(F)(F)[C](F)C(F)(F)C(F)(F)C(F)(F)C(F)(F)C(F)(F)C(F)F,OCC(F)(F)[C](F)C(F)(F)C(F)(F)C(F)(F)C(F)(F)C(F)(F)C(F)F,512.823483
OCC(F)(F)C(F)(F)[C](F)C(F)(F)C(F)(F)C(F)(F)C(F)(F)C(F)F,OCC(F)(F)C(F)(F)[C](F)C(F)(F)C(F)(F)C(F)(F)C(F)(F)C(F)F,496.809449
OCC(F)(F)C(F)(F)C(F)(F)[C](F)C(F)(F)C(F)(F)C(F)(F)C(F)F,OCC(F)(F)C(F)(F)C(F)(F)[C](F)C(F)(F)C(F)(F)C(F)(F)C(F)F,498.196367
OCC(F)(F)C(F)(F)C(F)(F)C(F)(F)[C](F)C(F)(F)C(F)(F)C(F)F,OCC(F)(F)C(F)(F)C(F)(F)C(F)(F)[C](F)C(F)(F)C(F)(F)C(F)F,505.086218
OCC(F)(F)C(F)(F)C(F)(F)C(F)(F)C(F)(F)[C](F)C(F)(F)C(F)F,OCC(F)(F)C(F)(F)C(F)(F)C(F)(F)C(F)(F)[C](F)C(F)(F)C(F)F,511.370772
OCC(F)(F)C(F)(F)C(F)(F)C(F)(F)C(F)(F)C(F)(F)[C](F)C(F)F,OCC(F)(F)C(F)(F)C(F)(F)C(F)(F)C(F)(F)C(F)(F)[C](F)C(F)F,518.755387
OCC(F)(F)C(F)(F)C(F)(F)C(F)(F)C(F)(F)C(F)(F)C(F)(F)[CH]F,OCC(F)(F)C(F)(F)C(F)(F)C(F)(F)C(F)(F)C(F)(F)C(F)(F)[CH]F,514.270931
OCC[C](F)C(F)(F)C(F)(F)F,OCC[C](F)C(F)(F)C(F)(F)F,528.645401
OCCC(F)(F)[C](F)C(F)(F)F,OCCC(F)(F)[C](F)C(F)(F)F,525.08468
OCC[C](F)C(F)(F)C(F)(F)C(F)(F)F,OCC[C](F)C(F)(F)C(F)(F)C(F)(F)F,525.37417
OCCC(F)(F)[C](F)C(F)(F)C(F)(F)F,OCCC(F)(F)[C](F)C(F)(F)C(F)(F)F,519.544904
OCCC(F)(F)C(F)(F)[C](F)C(F)(F)F,OCCC(F)(F)C(F)(F)[C](F)C(F)(F)F,522.910877
OCC[C](F)C(F)(F)C(F)(F)C(F)(F)C(F)(F)F,OCC[C](F)C(F)(F)C(F)(F)C(F)(F)C(F)(F)F,522.466116
OCCC(F)(F)[C](F)C(F)(F)C(F)(F)C(F)(F)F,OCCC(F)(F)[C](F)C(F)(F)C(F)(F)C(F)(F)F,511.233922
OCCC(F)(F)C(F)(F)[C](F)C(F)(F)C(F)(F)F,OCCC(F)(F)C(F)(F)[C](F)C(F)(F)C(F)(F)F,508.017957
OCCC(F)(F)C(F)(F)C(F)(F)[C](F)C(F)(F)F,OCCC(F)(F)C(F)(F)C(F)(F)[C](F)C(F)(F)F,512.647158
OCC[C](F)C(F)(F)C(F)(F)C(F)(F)C(F)(F)C(F)(F)F,OCC[C](F)C(F)(F)C(F)(F)C(F)(F)C(F)(F)C(F)(F)F,521.966089
OCCC(F)(F)[C](F)C(F)(F)C(F)(F)C(F)(F)C(F)(F)F,OCCC(F)(F)[C](F)C(F)(F)C(F)(F)C(F)(F)C(F)(F)F,513.21561
OCCC(F)(F)C(F)(F)[C](F)C(F)(F)C(F)(F)C(F)(F)F,OCCC(F)(F)C(F)(F)[C](F)C(F)(F)C(F)(F)C(F)(F)F,504.941473
OCCC(F)(F)C(F)(F)C(F)(F)[C](F)C(F)(F)C(F)(F)F,OCCC(F)(F)C(F)(F)C(F)(F)[C](F)C(F)(F)C(F)(F)F,512.128708
OCCC(F)(F)C(F)(F)C(F)(F)C(F)(F)[C](F)C(F)(F)F,OCCC(F)(F)C(F)(F)C(F)(F)C(F)(F)[C](F)C(F)(F)F,519.808076
OCC[C](F)C(F)(F)C(F)(F)C(F)(F)C(F)(F)C(F)(F)C(F)(F)F,OCC[C](F)C(F)(F)C(F)(F)C(F)(F)C(F)(F)C(F)(F)C(F)(F)F,525.163632
OCCC(F)(F)[C](F)C(F)(F)C(F)(F)C(F)(F)C(F)(F)C(F)(F)F,OCCC(F)(F)[C](F)C(F)(F)C(F)(F)C(F)(F)C(F)(F)C(F)(F)F,517.647431
OCCC(F)(F)C(F)(F)[C](F)C(F)(F)C(F)(F)C(F)(F)C(F)(F)F,OCCC(F)(F)C(F)(F)[C](F)C(F)(F)C(F)(F)C(F)(F)C(F)(F)F,503.309805
OCCC(F)(F)C(F)(F)C(F)(F)[C](F)C(F)(F)C(F)(F)C(F)(F)F,OCCC(F)(F)C(F)(F)C(F)(F)[C](F)C(F)(F)C(F)(F)C(F)(F)F,503.070318
OCCC(F)(F)C(F)(F)C(F)(F)C(F)(F)[C](F)C(F)(F)C(F)(F)F,OCCC(F)(F)C(F)(F)C(F)(F)C(F)(F)[C](F)C(F)(F)C(F)(F)F,511.554993
OCCC(F)(F)C(F)(F)C(F)(F)C(F)(F)C(F)(F)[C](F)C(F)(F)F,OCCC(F)(F)C(F)(F)C(F)(F)C(F)(F)C(F)(F)[C](F)C(F)(F)F,517.289517
OCC[C](F)C(F)(F)C(F)(F)C(F)(F)C(F)(F)C(F)(F)C(F)(F)C(F)(F)F,OCC[C](F)C(F)(F)C(F)(F)C(F)(F)C(F)(F)C(F)(F)C(F)(F)C(F)(F)F,519.934398
OCCC(F)(F)[C](F)C(F)(F)C(F)(F)C(F)(F)C(F)(F)C(F)(F)C(F)(F)F,OCCC(F)(F)[C](F)C(F)(F)C(F)(F)C(F)(F)C(F)(F)C(F)(F)C(F)(F)F,506.670515
OCCC(F)(F)C(F)(F)[C](F)C(F)(F)C(F)(F)C(F)(F)C(F)(F)C(F)(F)F,OCCC(F)(F)C(F)(F)[C](F)C(F)(F)C(F)(F)C(F)(F)C(F)(F)C(F)(F)F,503.636138
OCCC(F)(F)C(F)(F)C(F)(F)[C](F)C(F)(F)C(F)(F)C(F)(F)C(F)(F)F,OCCC(F)(F)C(F)(F)C(F)(F)[C](F)C(F)(F)C(F)(F)C(F)(F)C(F)(F)F,505.209909
OCCC(F)(F)C(F)(F)C(F)(F)C(F)(F)[C](F)C(F)(F)C(F)(F)C(F)(F)F,OCCC(F)(F)C(F)(F)C(F)(F)C(F)(F)[C](F)C(F)(F)C(F)(F)C(F)(F)F,509.528566
OCCC(F)(F)C(F)(F)C(F)(F)C(F)(F)C(F)(F)[C](F)C(F)(F)C(F)(F)F,OCCC(F)(F)C(F)(F)C(F)(F)C(F)(F)C(F)(F)[C](F)C(F)(F)C(F)(F)F,504.128271
OCCC(F)(F)C(F)(F)C(F)(F)C(F)(F)C(F)(F)C(F)(F)[C](F)C(F)(F)F,OCCC(F)(F)C(F)(F)C(F)(F)C(F)(F)C(F)(F)C(F)(F)[C](F)C(F)(F)F,512.065547
OCCC[C](F)C(F)(F)C(F)(F)C(F)(F)C(F)(F)F,OCCC[C](F)C(F)(F)C(F)(F)C(F)(F)C(F)(F)F,524.187263
OCCC[C](F)C(F)(F)F,OCCC[C](F)C(F)(F)F,537.845905
OCCC[C](F)C(F)(F)C(F)(F)F,OCCC[C](F)C(F)(F)C(F)(F)F,526.75056
OCCCC(F)(F)[C](F)C(F)(F)F,OCCCC(F)(F)[C](F)C(F)(F)F,527.658505
OCCC[C](F)C(F)(F)C(F)(F)C(F)(F)F,OCCC[C](F)C(F)(F)C(F)(F)C(F)(F)F,529.724408
OCCCC(F)(F)[C](F)C(F)(F)C(F)(F)F,OCCCC(F)(F)[C](F)C(F)(F)C(F)(F)F,524.284636
OCCCC(F)(F)C(F)(F)[C](F)C(F)(F)F,OCCCC(F)(F)C(F)(F)[C](F)C(F)(F)F,525.432067
OCCCC(F)(F)[C](F)C(F)(F)C(F)(F)C(F)(F)F,OCCCC(F)(F)[C](F)C(F)(F)C(F)(F)C(F)(F)F,512.473464
OCCCC(F)(F)C(F)(F)[C](F)C(F)(F)C(F)(F)F,OCCCC(F)(F)C(F)(F)[C](F)C(F)(F)C(F)(F)F,512.149762
OCCCC(F)(F)C(F)(F)C(F)(F)[C](F)C(F)(F)F,OCCCC(F)(F)C(F)(F)C(F)(F)[C](F)C(F)(F)F,510.004908
OCCC[C](F)C(F)(F)C(F)(F)C(F)(F)C(F)(F)C(F)(F)F,OCCC[C](F)C(F)(F)C(F)(F)C(F)(F)C(F)(F)C(F)(F)F,516.081556
OCCCC(F)(F)[C](F)C(F)(F)C(F)(F)C(F)(F)C(F)(F)F,OCCCC(F)(F)[C](F)C(F)(F)C(F)(F)C(F)(F)C(F)(F)F,513.594578
OCCCC(F)(F)C(F)(F)[C](F)C(F)(F)C(F)(F)C(F)(F)F,OCCCC(F)(F)C(F)(F)[C](F)C(F)(F)C(F)(F)C(F)(F)F,510.904958
OCCCC(F)(F)C(F)(F)C(F)(F)[C](F)C(F)(F)C(F)(F)F,OCCCC(F)(F)C(F)(F)C(F)(F)[C](F)C(F)(F)C(F)(F)F,505.591509
OCCCC(F)(F)C(F)(F)C(F)(F)C(F)(F)[C](F)C(F)(F)F,OCCCC(F)(F)C(F)(F)C(F)(F)C(F)(F)[C](F)C(F)(F)F,520.584434
OCCC[C](F)C(F)(F)C(F)(F)C(F)(F)C(F)(F)C(F)(F)C(F)(F)F,OCCC[C](F)C(F)(F)C(F)(F)C(F)(F)C(F)(F)C(F)(F)C(F)(F)F,531.619248
OCCCC(F)(F)[C](F)C(F)(F)C(F)(F)C(F)(F)C(F)(F)C(F)(F)F,OCCCC(F)(F)[C](F)C(F)(F)C(F)(F)C(F)(F)C(F)(F)C(F)(F)F,523.89251
OCCCC(F)(F)C(F)(F)[C](F)C(F)(F)C(F)(F)C(F)(F)C(F)(F)F,OCCCC(F)(F)C(F)(F)[C](F)C(F)(F)C(F)(F)C(F)(F)C(F)(F)F,514.628845
OCCCC(F)(F)C(F)(F)C(F)(F)[C](F)C(F)(F)C(F)(F)C(F)(F)F,OCCCC(F)(F)C(F)(F)C(F)(F)[C](F)C(F)(F)C(F)(F)C(F)(F)F,502.607135
OCCCC(F)(F)C(F)(F)C(F)(F)C(F)(F)[C](F)C(F)(F)C(F)(F)F,OCCCC(F)(F)C(F)(F)C(F)(F)C(F)(F)[C](F)C(F)(F)C(F)(F)F,511.441829
OCCCC(F)(F)C(F)(F)C(F)(F)C(F)(F)C(F)(F)[C](F)C(F)(F)F,OCCCC(F)(F)C(F)(F)C(F)(F)C(F)(F)C(F)(F)[C](F)C(F)(F)F,529.458604
OCC(F)(O[C](F)C(F)(F)C(F)(F)F)C(F)(F)F,OCC(F)(O[C](F)C(F)(F)C(F)(F)F)C(F)(F)F,529.345439
OCC(F)(OC(F)(F)[C](F)C(F)(F)F)C(F)(F)F,OCC(F)(OC(F)(F)[C](F)C(F)(F)F)C(F)(F)F,535.4563
OC[C](F)C(F)(C(F)(F)F)C(F)(F)C(F)(F)C(F)(F)C(F)(C(F)(F)F)C(F)(F)F,OC[C](F)C(F)(C(F)(F)F)C(F)(F)C(F)(F)C(F)(F)C(F)(C(F)(F)F)C(F)(F)F,516.13419
OCC(F)(F)[C](F)C(F)(F)C(F)(F)C(F)(F)C(F)(F)CO,OCC(F)(F)[C](F)C(F)(F)C(F)(F)C(F)(F)C(F)(F)CO,512.149762
OCC(F)(F)C(F)([C](F)C(F)(F)C(F)(F)C(F)(C(F)(F)F)C(F)(F)F)C(F)(F)F,OCC(F)(F)C(F)([C](F)C(F)(F)C(F)(F)C(F)(C(F)(F)F)C(F)(F)F)C(F)(F)F,502.012365
OCC(F)(F)C(F)(C(F)(F)F)C(F)(F)[C](F)C(F)(F)C(F)(C(F)(F)F)C(F)(F)F,OCC(F)(F)C(F)(C(F)(F)F)C(F)(F)[C](F)C(F)(F)C(F)(C(F)(F)F)C(F)(F)F,493.790863
OCC(F)(F)C(F)(C(F)(F)F)C(F)(F)C(F)(F)[C](F)C(F)(C(F)(F)F)C(F)(F)F,OCC(F)(F)C(F)(C(F)(F)F)C(F)(F)C(F)(F)[C](F)C(F)(C(F)(F)F)C(F)(F)F,498.762187
OCC[C](F)C(F)(F)C(F)(F)C(F)(F)C(F)(F)C(F)(F)C(F)(C(F)(F)F)C(F)(F)F,OCC[C](F)C(F)(F)C(F)(F)C(F)(F)C(F)(F)C(F)(F)C(F)(C(F)(F)F)C(F)(F)F,519.671226
OCCC(F)(F)[C](F)C(F)(F)C(F)(F)C(F)(F)C(F)(F)C(F)(C(F)(F)F)C(F)(F)F,OCCC(F)(F)[C](F)C(F)(F)C(F)(F)C(F)(F)C(F)(F)C(F)(C(F)(F)F)C(F)(F)F,513.09455
OCCC(F)(F)C(F)(F)[C](F)C(F)(F)C(F)(F)C(F)(F)C(F)(C(F)(F)F)C(F)(F)F,OCCC(F)(F)C(F)(F)[C](F)C(F)(F)C(F)(F)C(F)(F)C(F)(C(F)(F)F)C(F)(F)F,500.517546
OCCC(F)(F)C(F)(F)C(F)(F)[C](F)C(F)(F)C(F)(F)C(F)(C(F)(F)F)C(F)(F)F,OCCC(F)(F)C(F)(F)C(F)(F)[C](F)C(F)(F)C(F)(F)C(F)(C(F)(F)F)C(F)(F)F,498.267424
OCCC(F)(F)C(F)(F)C(F)(F)C(F)(F)[C](F)C(F)(F)C(F)(C(F)(F)F)C(F)(F)F,OCCC(F)(F)C(F)(F)C(F)(F)C(F)(F)[C](F)C(F)(F)C(F)(C(F)(F)F)C(F)(F)F,505.920474
OCCC(F)(F)C(F)(F)C(F)(F)C(F)(F)C(F)(F)[C](F)C(F)(C(F)(F)F)C(F)(F)F,OCCC(F)(F)C(F)(F)C(F)(F)C(F)(F)C(F)(F)[C](F)C(F)(C(F)(F)F)C(F)(F)F,495.733075
OC[C](F)C(F)(F)C(F)(F)C(F)(F)CO,OC[C](F)C(F)(F)C(F)(F)C(F)(F)CO,532.129802
OCC(F)(F)[C](F)C(F)(F)C(F)(F)CO,OCC(F)(F)[C](F)C(F)(F)C(F)(F)CO,530.721831
OC[C](F)C(F)(F)C(F)(F)C(F)(F)C(F)(F)CO,OC[C](F)C(F)(F)C(F)(F)C(F)(F)C(F)(F)CO,522.831925
OCC(F)(F)[C](F)C(F)(F)C(F)(F)C(F)(F)CO,OCC(F)(F)[C](F)C(F)(F)C(F)(F)C(F)(F)CO,508.949587
OCC(F)(F)C(F)(F)[C](F)C(F)(F)C(F)(F)CO,OCC(F)(F)C(F)(F)[C](F)C(F)(F)C(F)(F)CO,523.166154
OC[C](F)C(F)(F)C(F)(F)C(F)(F)C(F)(F)C(F)(F)CO,OC[C](F)C(F)(F)C(F)(F)C(F)(F)C(F)(F)C(F)(F)CO,524.605706
OCC(F)(F)C(F)(F)[C](F)C(F)(F)C(F)(F)C(F)(F)CO,OCC(F)(F)C(F)(F)[C](F)C(F)(F)C(F)(F)C(F)(F)CO,503.649297
OC[C](F)C(F)(F)C(F)(F)C(F)(F)C(F)(F)C(F)(F)C(F)(F)CO,OC[C](F)C(F)(F)C(F)(F)C(F)(F)C(F)(F)C(F)(F)C(F)(F)CO,528.400651
OCC(F)(F)[C](F)C(F)(F)C(F)(F)C(F)(F)C(F)(F)C(F)(F)CO,OCC(F)(F)[C](F)C(F)(F)C(F)(F)C(F)(F)C(F)(F)C(F)(F)CO,516.876337
OCC(F)(F)C(F)(F)[C](F)C(F)(F)C(F)(F)C(F)(F)C(F)(F)CO,OCC(F)(F)C(F)(F)[C](F)C(F)(F)C(F)(F)C(F)(F)C(F)(F)CO,507.994272
OCC(F)(F)C(F)(F)C(F)(F)[C](F)C(F)(F)C(F)(F)C(F)(F)CO,OCC(F)(F)C(F)(F)C(F)(F)[C](F)C(F)(F)C(F)(F)C(F)(F)CO,511.115495
OC[C](F)C(F)(F)C(F)(F)C(F)(F)C(F)(F)C(F)(F)C(F)(F)C(F)(F)CO,OC[C](F)C(F)(F)C(F)(F)C(F)(F)C(F)(F)C(F)(F)C(F)(F)C(F)(F)CO,523.67934
OCC(F)(F)[C](F)C(F)(F)C(F)(F)C(F)(F)C(F)(F)C(F)(F)C(F)(F)CO,OCC(F)(F)[C](F)C(F)(F)C(F)(F)C(F)(F)C(F)(F)C(F)(F)C(F)(F)CO,518.397472
OCC(F)(F)C(F)(F)[C](F)C(F)(F)C(F)(F)C(F)(F)C(F)(F)C(F)(F)CO,OCC(F)(F)C(F)(F)[C](F)C(F)(F)C(F)(F)C(F)(F)C(F)(F)C(F)(F)CO,502.817673
OCC(F)(F)C(F)(F)C(F)(F)[C](F)C(F)(F)C(F)(F)C(F)(F)C(F)(F)CO,OCC(F)(F)C(F)(F)C(F)(F)[C](F)C(F)(F)C(F)(F)C(F)(F)C(F)(F)CO,493.164513
OC[C](F)C(F)(F)C(F)(F)C(F)(F)C(F)(F)C(F)(F)C(F)(F)C(F)(F)C(F)(F)CO,OC[C](F)C(F)(F)C(F)(F)C(F)(F)C(F)(F)C(F)(F)C(F)(F)C(F)(F)C(F)(F)CO,536.685315
OCC(F)(F)[C](F)C(F)(F)C(F)(F)C(F)(F)C(F)(F)C(F)(F)C(F)(F)C(F)(F)CO,OCC(F)(F)[C](F)C(F)(F)C(F)(F)C(F)(F)C(F)(F)C(F)(F)C(F)(F)C(F)(F)CO,512.481359
OCC(F)(F)C(F)(F)C(F)(F)[C](F)C(F)(F)C(F)(F)C(F)(F)C(F)(F)C(F)(F)CO,OCC(F)(F)C(F)(F)C(F)(F)[C](F)C(F)(F)C(F)(F)C(F)(F)C(F)(F)C(F)(F)CO,506.736308
OCC(F)(F)C(F)(F)C(F)(F)C(F)(F)[C](F)C(F)(F)C(F)(F)C(F)(F)C(F)(F)CO,OCC(F)(F)C(F)(F)C(F)(F)C(F)(F)[C](F)C(F)(F)C(F)(F)C(F)(F)C(F)(F)CO,504.638825
OC[C](F)C(F)(F)C(F)(F)C(F)(F)C(F)(F)C(F)(F)C(F)(F)C(F)(F)C(F)(F)C(F)(F)CO,OC[C](F)C(F)(F)C(F)(F)C(F)(F)C(F)(F)C(F)(F)C(F)(F)C(F)(F)C(F)(F)C(F)(F)CO,528.321699
OCC(F)(F)[C](F)C(F)(F)C(F)(F)C(F)(F)C(F)(F)C(F)(F)C(F)(F)C(F)(F)C(F)(F)CO,OCC(F)(F)[C](F)C(F)(F)C(F)(F)C(F)(F)C(F)(F)C(F)(F)C(F)(F)C(F)(F)C(F)(F)CO,520.931821
OCC(F)[C](F)C(F)(F)C(F)(F)C(F)(F)C(F)(F)C(F)(F)CO,OCC(F)[C](F)C(F)(F)C(F)(F)C(F)(F)C(F)(F)C(F)(F)CO,521.552908
OCC(F)C(F)(F)[C](F)C(F)(F)C(F)(F)C(F)(F)C(F)(F)CO,OCC(F)C(F)(F)[C](F)C(F)(F)C(F)(F)C(F)(F)C(F)(F)CO,515.671007
OCC(F)C(F)(F)C(F)(F)[C](F)C(F)(F)C(F)(F)C(F)(F)CO,OCC(F)C(F)(F)C(F)(F)[C](F)C(F)(F)C(F)(F)C(F)(F)CO,511.262872
OCC(F)C(F)(F)C(F)(F)C(F)(F)[C](F)C(F)(F)C(F)(F)CO,OCC(F)C(F)(F)C(F)(F)C(F)(F)[C](F)C(F)(F)C(F)(F)CO,490.827543
OCC(F)C(F)(F)C(F)(F)C(F)(F)C(F)(F)[C](F)C(F)(F)CO,OCC(F)C(F)(F)C(F)(F)C(F)(F)C(F)(F)[C](F)C(F)(F)CO,520.434425
OC[C](F)C(F)(F)C(F)(F)C(F)(F)C(F)(F)C(F)(F)C(F)CO,OC[C](F)C(F)(F)C(F)(F)C(F)(F)C(F)(F)C(F)(F)C(F)CO,531.111326
NC(=O)[CH]C(F)(F)F,NC(=O)[CH]C(F)(F)F,488.480046
CO[C](C(N)=O)C(F)(F)F,CO[C](C(N)=O)C(F)(F)F,490.048553
OCC(F)(F)[CH]C(F)(F)F,OCC(F)(F)[CH]C(F)(F)F,497.198944
OC[C](OC(F)(F)C(F)(F)C(F)(F)F)C(F)(F)F,OC[C](OC(F)(F)C(F)(F)C(F)(F)F)C(F)(F)F,515.207824
OCC(F)(F)[C](C(F)(F)F)C(F)(F)C(F)(F)C(F)(F)C(F)(C(F)(F)F)C(F)(F)F,OCC(F)(F)[C](C(F)(F)F)C(F)(F)C(F)(F)C(F)(F)C(F)(C(F)(F)F)C(F)(F)F,470.100093
OCC(F)(F)C(F)(C(F)(F)F)C(F)(F)C(F)(F)C(F)(F)[C](C(F)(F)F)C(F)(F)F,OCC(F)(F)C(F)(C(F)(F)F)C(F)(F)C(F)(F)C(F)(F)[C](C(F)(F)F)C(F)(F)F,470.071144
OCCC(F)(F)C(F)(F)C(F)(F)C(F)(F)C(F)(F)C(F)(F)[C](C(F)(F)F)C(F)(F)F,OCCC(F)(F)C(F)(F)C(F)(F)C(F)(F)C(F)(F)C(F)(F)[C](C(F)(F)F)C(F)(F)F,461.683843
OC[CH]C(F)(F)C(F)(F)C(F)(F)C(F)(F)C(F)(F)C(F)(F)CO,OC[CH]C(F)(F)C(F)(F)C(F)(F)C(F)(F)C(F)(F)C(F)(F)CO,501.941309